Date,Rainfall,TempMin,TempaMax,humidity,windgust,windspeed,winddir
01-01-2019,0,14.0766,29.96671,68.9,16.6,7.2,82.8
02-01-2019,0,14.30461,30.24907,68.9,20.2,7.9,89.7
03-01-2019,0,15.99513,30.86178,78.3,20.2,7.6,77
04-01-2019,0,16.58301,29.96519,77.8,24.5,7.6,90.2
05-01-2019,0,17.32378,29.63474,75.5,25.6,8.6,75.2
06-01-2019,0,17.20075,29.45208,76.4,24.8,9.4,78.9
07-01-2019,0,16.91629,30.2958,71,17.3,7.6,87.3
08-01-2019,0,17.00418,30.48747,67.8,24.8,9,332.7
09-01-2019,0,15.78464,30.57621,67.2,17.6,7.6,35
10-01-2019,0,15.97605,30.02492,78.3,23.8,8.3,90
11-01-2019,0,18.12747,29.78423,78.5,26.3,14.8,85.9
12-01-2019,0,18.2617,29.57751,76.8,28.1,7.6,92.9
13-01-2019,0,18.71542,29.96221,76.1,27,8.3,93.7
14-01-2019,0,17.89478,30.27138,76.7,22,7.6,93.6
15-01-2019,0,17.64797,30.65697,72.8,21.2,6.8,58.9
16-01-2019,0,18.2023,30.19633,75,25.9,7.6,91.6
17-01-2019,0,17.91936,30.35425,77.9,24.1,8.6,94.2
18-01-2019,0,18.48964,30.88512,76.4,24.1,9.4,103.3
19-01-2019,0,18.6397,30.84023,79.2,23,6.5,98.3
20-01-2019,0,17.68422,31.03698,78.7,22,9.4,112.5
21-01-2019,0,17.74974,30.56037,78.4,28.4,10.1,114.6
22-01-2019,0,17.91005,30.4963,73.9,29.9,9.4,106.5
23-01-2019,0,18.50337,30.17196,75.6,29.9,10.1,89.2
24-01-2019,0,19.3418,30.67281,74,30.6,14,104.1
25-01-2019,0,20.65094,30.6355,75.9,36,13.7,118.5
26-01-2019,0,22.12608,28.88709,74.8,28.8,15.1,107.5
27-01-2019,0,21.59755,27.49994,78.2,31.7,12.6,84.3
28-01-2019,6.79057169,19.56619,24.60774,82.4,30.2,10.8,63.7
29-01-2019,2.748402119,16.76807,28.06162,77.8,24.1,9.4,21.6
30-01-2019,0,14.52533,28.86877,60.8,19.8,9,26.3
31-01-2019,0,16.09866,33.14341,74.5,33.5,22.3,78.4
01-02-2019,0,18.66262,29.45354,74.4,24.1,11.2,86.3
02-02-2019,0,18.25179,29.94141,72.6,25.6,7.9,75.9
03-02-2019,0,19.04444,30.16311,73.8,25.9,14.8,79.8
04-02-2019,0,19.3992,30.95386,68.1,32,15.4,84.1
05-02-2019,0,19.5138,31.4479,70.2,23.8,7.6,67.9
06-02-2019,0,19.37248,31.50002,72.4,28.1,8.6,111.3
07-02-2019,0,20.16517,31.31269,75.9,34.2,7.6,130.1
08-02-2019,0,22.19835,31.27188,78.7,29.5,13,103.5
09-02-2019,0,22.14941,30.47799,74.8,21.6,7.6,112.2
10-02-2019,0,19.69785,32.03957,64.2,36.7,9.4,74.4
11-02-2019,0,22.52377,31.24053,78.9,34.6,14.8,93.4
12-02-2019,0,21.37662,31.30898,75.8,32,11.2,94.4
13-02-2019,0,20.95512,31.72,73.4,31,11.2,83.2
14-02-2019,0,19.81581,32.14074,73.4,27.7,9.7,101.2
15-02-2019,0,20.46211,32.74881,75.6,34.2,8.3,139.8
16-02-2019,0,21.34463,32.61381,79,33.1,18.4,109.1
17-02-2019,0,22.4603,32.96814,75.6,28.4,11.9,146.6
18-02-2019,0,22.70588,33.37491,77,24.5,9,192
19-02-2019,0,23.48717,33.70687,78.8,33.8,9.4,141.1
20-02-2019,0,23.42356,33.10982,77,31,9,116
21-02-2019,0,22.29274,33.56296,71.3,27.4,6.1,122.9
22-02-2019,0,21.2283,35.93982,70.3,23.8,5.4,192.7
23-02-2019,0,21.66761,36.72206,62.8,27,9.4,205.3
24-02-2019,0,21.79063,36.2565,62.4,35.3,16.6,179.6
25-02-2019,0,22.62285,35.3783,76.2,34.9,13.3,175.9
26-02-2019,0,22.06121,34.21685,74.9,38.5,14,146.3
27-02-2019,0,23.06709,33.27671,71.7,36,13,149.5
28-02-2019,22.17189217,23.17076,33.13894,81.6,29.5,13,118.3
01-03-2019,0,23.22186,33.37106,76.3,30.6,12.6,123.3
02-03-2019,0,23.4908,33.04457,75.4,33.5,11.5,109.6
03-03-2019,0,22.97973,33.52299,77.1,29.5,11.5,144
04-03-2019,0,23.31916,35.12503,74.9,34.2,11.2,155.7
05-03-2019,0,23.52072,35.75292,77.3,44.6,14,170
06-03-2019,0,23.3126,35.83024,77.3,21.6,9.4,161.5
07-03-2019,0,22.75245,35.59634,77.4,30.6,14.4,131.5
08-03-2019,0,23.57083,34.75327,75.4,25.9,11.5,169.9
09-03-2019,0,24.10809,35.10016,80.6,34.2,8.3,151.5
10-03-2019,23.27153206,24.16201,35.70668,77.4,31.3,9.7,178.1
11-03-2019,0,23.91336,35.52217,72.4,31,9.4,168.8
12-03-2019,0,23.49455,35.9825,75.3,28.1,7.6,176.9
13-03-2019,0,23.50291,36.22455,71.8,32.8,9.4,189.4
14-03-2019,0,23.41272,36.80047,67.7,33.1,9,190.1
15-03-2019,0,23.6299,36.58479,67.1,35.3,14.8,156
16-03-2019,0,22.50607,35.28802,72.4,41,18.4,141.1
17-03-2019,0,22.88579,34.73024,69.1,38.2,7.6,139.8
18-03-2019,0,22.48067,33.70628,67.1,36.7,18.4,140.8
19-03-2019,0,22.57207,34.90907,71.7,32.4,10.4,162.8
20-03-2019,0,24.14656,34.61143,71.5,36.4,11.9,158.2
21-03-2019,0,24.17965,35.05824,70,34.6,11.2,160.1
22-03-2019,0,24.02273,35.1726,71.8,32.4,10.1,161.6
23-03-2019,0,24.44359,36.00291,71.2,23.8,9,196.5
24-03-2019,0,24.66548,36.11823,71.3,29.2,10.4,171.9
25-03-2019,0,24.73669,35.96819,69.8,29.5,10.1,157.4
26-03-2019,0,24.53319,35.85426,72.2,30.2,11.9,180.7
27-03-2019,0,24.55618,36.63416,71.7,30.6,11.2,175.5
28-03-2019,0,24.39402,37.31129,69.8,28.4,10.8,139.3
29-03-2019,0,24.89087,37.03508,70.3,29.5,9.7,128
30-03-2019,0,25.17549,37.33698,71.8,31,12.6,173.2
31-03-2019,0,25.30581,38.81886,72.6,32.8,11.2,193.1
01-04-2019,0,25.45887,38.06638,73.6,36,11.5,159.5
02-04-2019,0,25.28223,37.43528,67.6,34.6,11.2,180.2
03-04-2019,0,24.8772,36.58654,70,34.9,9.4,159.4
04-04-2019,0,24.3064,36.2657,68.3,35.6,14.8,184
05-04-2019,0,24.62332,37.67522,67.9,28.8,13,186.6
06-04-2019,0,24.87099,37.81761,69.6,64.8,46.4,169.8
07-04-2019,0,25.07921,38.20498,67.7,34.9,11.2,183.3
08-04-2019,0,25.2437,37.52062,69.9,37.8,12.6,175.3
09-04-2019,0,25.88853,37.04432,70.9,38.2,11.2,187.4
10-04-2019,0,26.08879,37.77102,68.5,29.5,13,174.5
11-04-2019,0,25.34287,38.06556,68.1,29.9,9.7,205.7
12-04-2019,0,25.38788,38.00751,66.6,28.4,10.3,157.9
13-04-2019,0,25.45164,38.84583,61.4,31.3,11.2,215.2
14-04-2019,0,25.67587,38.59828,63.9,33.1,11.2,186.8
15-04-2019,0,25.23167,38.96976,63.7,32.8,14.8,190.4
16-04-2019,0,25.53266,38.37983,65.9,31.3,11.2,182.7
17-04-2019,0,25.76462,37.81784,65.9,35.3,13,173.4
18-04-2019,0,26.38477,36.86811,69.5,38.5,16.6,162.8
19-04-2019,0,24.81628,36.51352,69.1,36.4,11.9,162.9
20-04-2019,0,26.24949,36.91793,69.7,31,13,168.4
21-04-2019,0,26.02605,37.15337,65.7,35.3,12.6,170.5
22-04-2019,0,26.06474,36.6746,59.2,37.8,18.4,168.4
23-04-2019,0,23.90173,37.2043,65,29.2,9.4,183.5
24-04-2019,0,25.07942,38.06453,62.8,27,9.4,173.5
25-04-2019,0,25.67189,39.08376,70.7,30.2,11.9,180.5
26-04-2019,0,26.0023,39.53641,67.1,33.5,11.5,177.5
27-04-2019,0,27.00365,39.31195,67.5,30.6,12.2,188
28-04-2019,0,27.63208,38.67501,67.7,33.5,12.6,185
29-04-2019,0,27.81181,39.21899,67.7,36.7,15.1,176.8
30-04-2019,0,27.29339,38.84866,65.2,37.8,15.5,147.8
01-05-2019,0,27.16144,38.30793,62.9,46.4,23.5,79.3
02-05-2019,0,26.57594,39.07518,61.5,83.5,64.8,142.8
03-05-2019,0,27.83757,41.32985,52.9,29.2,22.3,238.5
04-05-2019,0,28.30134,41.31168,52.3,39.2,18.4,254.1
05-05-2019,0,27.95403,42.25841,51.3,27.7,13.7,247.3
06-05-2019,0,28.94837,41.39204,65.8,32,11.5,162.1
07-05-2019,0,29.08985,41.34412,69,46.4,27.7,145.4
08-05-2019,2.253871679,29.3219,41.14507,63.6,27.4,13.3,173.5
09-05-2019,0.361107826,28.85708,41.40652,61.8,25.9,13.7,148.3
10-05-2019,0,28.96454,41.6152,62.3,27.7,18.4,146.9
11-05-2019,0,28.99713,40.52003,67.1,30.6,14.8,155.7
12-05-2019,0,26.34557,38.9116,66.3,25.9,11.2,171.7
13-05-2019,0,27.70709,39.55456,65.7,33.8,10.4,181.3
14-05-2019,0,28.19312,39.51314,70.3,30.2,13,171.6
15-05-2019,2.407385588,28.28348,39.60916,68.3,32,13,176.5
16-05-2019,0,28.355,39.91046,66.9,27,14.3,175.2
17-05-2019,0,28.70901,39.95808,68.2,31.3,11.2,172.8
18-05-2019,0,28.75835,41.32471,67.8,30.6,13,206.1
19-05-2019,0,28.90264,41.39671,64.4,30.2,13,169.2
20-05-2019,0,28.75818,41.1929,61.8,33.5,13,173.5
21-05-2019,0,28.60952,41.22582,60.5,36.4,11.2,170.3
22-05-2019,0,27.90264,40.55965,64.3,34.9,14.8,174.1
23-05-2019,0,28.78671,40.56913,65.3,39.2,14.8,168.1
24-05-2019,0,28.43867,40.94947,66.3,35.6,14.8,158.8
25-05-2019,0,29.296,41.62073,66.4,27.4,14,182.5
26-05-2019,0,29.74658,42.72325,63.1,31.3,15.5,184.9
27-05-2019,0.120369285,29.63941,41.58633,66.5,28.8,16.6,155.4
28-05-2019,0,28.95649,42.22804,64.4,33.5,11.9,180.6
29-05-2019,0,30.14353,42.00404,68,46.4,26.6,156.1
30-05-2019,13.6606636,26.78466,38.97078,72,33.8,16.2,159.4
31-05-2019,0,28.59406,40.7779,71.7,36,22.3,134
01-06-2019,0,28.87464,39.43837,70.4,23.4,11.2,146.1
02-06-2019,0,29.60076,42.103,66.8,31.3,13,142.1
03-06-2019,0,28.67883,40.0381,69.7,28.1,22.3,138.9
04-06-2019,0.414881527,27.9073,39.36397,69.8,27,13,146.5
05-06-2019,0,28.89747,41.64029,66.1,31.3,14.8,151.3
06-06-2019,0,29.86164,40.58529,75.9,101.9,53.7,164.2
07-06-2019,18.4467392,26.60301,39.42904,69.2,32.8,11.2,165.6
08-06-2019,0,27.61724,38.73663,67.8,31,14.8,325.2
09-06-2019,0,29.13136,40.78935,59.8,27.4,14.8,190.7
10-06-2019,0,29.24535,40.04139,64.6,34.9,20.5,189.3
11-06-2019,0,28.79344,41.93792,55.5,38.5,14.8,219.7
12-06-2019,0,29.61006,42.0239,57,46.4,27.7,262.9
13-06-2019,0.792046487,29.24987,40.14285,49,43.2,27.7,279.9
14-06-2019,0,28.97643,40.11906,47.3,40.7,22.3,264
15-06-2019,0,29.32867,41.52165,45.9,46.4,22.3,297.6
16-06-2019,0,30.20903,40.98679,45.6,55.4,37.1,298.4
17-06-2019,0,29.4958,38.23392,63.3,48.6,27.7,296.5
18-06-2019,1.466537237,27.84117,40.11313,54.5,46.4,18.4,301.9
19-06-2019,0,29.56583,41.57518,48.8,46.4,18.4,288.5
20-06-2019,0,29.63073,39.77929,60.1,46.4,27.7,328.3
21-06-2019,0,27.3221,35.63214,75.6,29.2,9,231.7
22-06-2019,0,27.31021,36.04189,68.9,46.4,18.4,249.2
23-06-2019,0,26.54667,34.66196,71.5,29.5,12.6,212.2
24-06-2019,0,26.54018,36.03043,72.2,28.1,18.4,146.8
25-06-2019,18.60368919,26.12908,36.3481,80.3,21.2,14.8,216.1
26-06-2019,19.42357826,27.02472,34.68818,84.3,46.4,36,292.2
27-06-2019,0.690530121,26.98731,38.83693,62.5,46.4,18.4,280.4
28-06-2019,0,27.92093,37.46365,57.4,46.4,27.7,284.6
29-06-2019,0,27.72597,35.07964,57.3,54,27.7,278.4
30-06-2019,0,26.91925,34.02885,66.3,55.4,28.9,283.6
01-07-2019,5.347515583,25.33511,32.85247,78.2,50,18.7,284.6
02-07-2019,15.45446682,25.61678,33.26284,73.8,55.1,27.7,274.2
03-07-2019,0.268048853,26.37848,34.79691,62.5,46.4,27.7,272.7
04-07-2019,0,26.8409,36.57784,66.1,50.4,27.7,261.3
05-07-2019,1.444366693,27.08682,33.81757,68.7,46.4,27.7,266.2
06-07-2019,0.261655867,26.551,34.68742,66,51.1,22.3,246
07-07-2019,0,27.44811,36.41831,60,92.5,74.2,267.1
08-07-2019,2.512324095,26.54237,36.82698,59.1,49.7,22.3,265.1
09-07-2019,0,27.39639,36.2294,57.9,49,18.4,261
10-07-2019,0.130827934,27.56866,37.30676,64.4,48.6,20.5,246.5
11-07-2019,0.387206823,27.00128,37.0462,66.8,45.4,27.7,268.1
12-07-2019,13.45209217,26.58475,36.79798,64.1,40.7,14.8,258.8
13-07-2019,0,26.89979,37.73988,67.7,33.8,18.4,245.8
14-07-2019,67.86393738,25.57942,36.12265,82.1,39.2,14.8,250.7
15-07-2019,1.724450588,25.65382,36.06158,74.8,40,27.7,270.3
16-07-2019,0.99094969,25.82394,36.97403,76.1,34.2,14.8,274.3
17-07-2019,0.261655867,27.29563,37.41525,64.1,40.3,14.8,273.3
18-07-2019,0,27.02833,36.39395,76.5,31.3,14.8,295.9
19-07-2019,25.54901886,25.51225,32.88407,80.2,28.8,14.8,292.2
20-07-2019,4.728449345,24.95438,32.67571,88.7,30.6,9.4,228.3
21-07-2019,5.875972748,25.78923,34.40883,85.2,27.7,9.4,169.3
22-07-2019,8.304935455,25.9654,34.47745,80.3,30.6,13,135.3
23-07-2019,0,25.30176,32.69611,88.5,22.3,14.8,256.9
24-07-2019,31.82640457,25.50768,35.68476,74,33.8,14.8,237.6
25-07-2019,0,26.21631,34.65627,81.4,37.4,11.5,235.2
26-07-2019,9.419126511,25.10563,30.18427,93,31,16.5,264.5
27-07-2019,16.13474846,24.03646,29.99319,84.9,45.7,15.1,256.6
28-07-2019,3.738057137,24.83885,28.83596,90.5,45.7,15.8,257.4
29-07-2019,2.133550882,24.7645,29.23199,85.2,45,14.4,242.8
30-07-2019,0.79540354,24.59741,31.89297,75.6,59.4,14.8,248.1
31-07-2019,1.231474876,24.81856,34.65235,70.3,46.4,27.7,275
01-08-2019,5.05357933,25.01618,32.15226,88.6,49,22.3,248.3
02-08-2019,47.26751328,24.11214,26.93635,91.8,50.8,18,251.7
03-08-2019,7.416675568,24.14718,29.77286,79.5,52.6,22.3,258.3
04-08-2019,0,25.00016,32.49958,71.6,46.4,27.7,262.8
05-08-2019,0.1962419,25.63344,32.64145,72,64.1,31.7,265.2
06-08-2019,39.51414108,24.92103,30.21725,83.9,57.6,18.7,262.3
07-08-2019,3.170455933,24.88801,30.16863,80.2,58.3,27.7,266.1
08-08-2019,0,25.47316,32.10756,76,67.7,27.7,258.2
09-08-2019,0.76385963,25.36713,34.57315,77,49,13.3,229.2
10-08-2019,0.226310387,26.05616,34.70671,71.6,51.5,17,273.9
11-08-2019,0,26.26996,34.46686,67.3,53.3,18.4,284.7
12-08-2019,0,26.77821,34.24043,65.9,43.6,22.3,300.5
13-08-2019,10.64388943,26.41329,33.3545,78.4,34.9,22.3,290.8
14-08-2019,6.204277992,25.69006,34.31078,79.6,36.4,18.4,272
15-08-2019,7.303910732,25.79496,34.76065,78.7,32.8,14.8,262.4
16-08-2019,0,26.2911,35.33073,73.2,33.1,14.8,263.4
17-08-2019,16.65542984,26.038,34.15958,80,28.8,14.8,314.7
18-08-2019,0,25.63817,32.58911,80.2,64.8,46.4,293.6
19-08-2019,1.112037539,25.50417,34.87527,78.1,27.4,20.2,285.1
20-08-2019,1.433345556,25.6048,33.26571,82.2,36,18.6,267.7
21-08-2019,4.17183876,26.0225,32.28692,82.5,41.8,18.4,279.7
22-08-2019,33.37051773,24.63873,33.06403,80.2,38.9,18.4,290.9
23-08-2019,6.847874641,24.28978,31.21434,82.7,42.8,22.3,301.9
24-08-2019,0.367145985,25.14644,33.17647,82.8,45,18.4,281.2
25-08-2019,3.72859621,25.39365,33.38958,78,37.8,22.3,276.7
26-08-2019,0,25.61666,33.88496,72.1,40,22.3,280.5
27-08-2019,0,25.57401,34.77912,69.5,46.4,27.7,285
28-08-2019,0,25.83589,34.90945,70.2,31.7,14.8,269.5
29-08-2019,0.804447949,26.41451,35.28598,73.4,29.5,13,249.3
30-08-2019,0.980930626,26.40833,35.02959,81.6,38.9,18.4,300.4
31-08-2019,9.704781532,24.87827,31.44473,82.9,39.6,18.4,279
01-09-2019,0.881410599,24.22755,28.58124,85.1,27.7,16.6,265.8
02-09-2019,13.56437969,24.03749,30.28533,90.6,33.8,13.7,264.9
03-09-2019,8.937966347,24.11449,29.68039,89.4,30.6,13.7,258.9
04-09-2019,17.08780098,24.61406,30.70124,81.6,38.9,14.8,261.4
05-09-2019,0,25.14512,32.4492,76.4,56.2,18.4,269.8
06-09-2019,0,25.14465,31.55122,75.5,50.4,17.6,269.9
07-09-2019,0.256378889,25.58042,31.74333,74.3,66.6,16.6,273.1
08-09-2019,0,25.74902,32.30328,72.9,51.1,18.4,266.2
09-09-2019,0,25.80209,34.14618,71.2,43.9,14.8,265.8
10-09-2019,0.654139698,26.47428,34.20061,75.1,38.2,18.4,262.4
11-09-2019,0,26.05667,33.35123,76.4,38.9,14.8,266.4
12-09-2019,3.663182259,24.90918,32.45677,83.3,42.5,12.2,241.8
13-09-2019,0,25.17229,33.50436,75.8,34.6,16.6,260.6
14-09-2019,8.411044121,24.57623,33.7868,79.4,28.8,14.8,237.1
15-09-2019,6.427124023,24.70576,32.99514,80.4,30.2,14.8,288.2
16-09-2019,0.392483801,25.68401,33.75281,84,29.2,14.2,280.1
17-09-2019,4.639114857,24.79017,30.94499,87.2,25.9,13,288.4
18-09-2019,8.108091354,23.80602,30.75168,90,24.5,14.8,54
19-09-2019,19.43978119,24.65098,30.92042,87,24.8,9.4,1.6
20-09-2019,15.10229397,24.45739,31.93815,84.5,18.4,7.9,124.8
21-09-2019,0.130827934,24.79976,33.06672,84.2,23.4,9.4,96.9
22-09-2019,0,25.15919,33.33186,81.7,27,10.1,95.8
23-09-2019,0,25.09326,33.01844,80.5,23.4,7.6,100.5
24-09-2019,1.156844258,24.49192,30.85085,88.6,16.9,7.6,119
25-09-2019,7.366887569,24.27205,30.80475,92.7,27.7,9.4,137.2
26-09-2019,26.72695351,24.32699,30.20768,90.6,41.4,13,154.8
27-09-2019,0,23.78445,31.9172,86.8,25.9,8.6,122.2
28-09-2019,2.428586483,24.5475,32.53257,81.8,25.6,9.4,176.2
29-09-2019,0,25.35038,32.60496,84,26.3,11.2,183.6
30-09-2019,0.314445198,24.80133,32.41959,84.5,25.6,10.1,173.3
01-10-2019,0,25.16626,33.74577,80.1,25.9,9,208.6
02-10-2019,0,24.74845,33.71427,78.2,22.7,9.4,208.2
03-10-2019,0,24.8116,33.42513,86.1,21.6,11.2,203.2
04-10-2019,2.432365656,24.34575,33.25611,81.5,20.2,11.2,202.2
05-10-2019,0,24.35412,32.87741,79.9,25.2,6.1,246.5
06-10-2019,0,24.74027,32.94077,78.2,18.4,9.4,183.3
07-10-2019,0,24.48472,33.45341,80.8,20.2,11.2,269.2
08-10-2019,0.738841593,24.53857,32.1888,84.7,18.7,9.7,202.4
09-10-2019,0,24.84439,32.07596,82.2,21.2,7.6,103.5
10-10-2019,0.786293149,24.49198,31.94384,89.9,23,9.4,131.5
11-10-2019,17.05185699,24.44596,32.69972,81.9,19.4,7.6,164.4
12-10-2019,0,24.44311,33.26784,82.9,19.1,5.4,153.1
13-10-2019,0,24.94712,33.09571,78.2,15.8,9.4,113.5
14-10-2019,0,25.41319,33.07361,84.6,21.6,13,73.6
15-10-2019,0.1962419,25.20622,32.37606,77.5,29.5,24.1,84
16-10-2019,0,23.98585,28.85683,84.7,34.6,13,81.5
17-10-2019,0,23.66288,29.6069,85.1,27.4,18.4,93.1
18-10-2019,4.551038742,23.37662,30.87248,82.8,26.6,18.4,86
19-10-2019,10.95129585,23.26945,29.95185,89.6,46.4,27.7,86.2
20-10-2019,1.240226746,23.59323,30.12045,87.2,31.7,14.8,90.4
21-10-2019,1.550907969,23.81713,29.19971,88.1,27.4,13,66.4
22-10-2019,5.388854027,23.17051,27.1872,94.1,25.2,9.4,43.4
23-10-2019,14.46399307,23.36795,29.19413,91.7,25.2,11.5,339.3
24-10-2019,2.559723854,23.24905,31.50166,84,35.3,11.2,269.2
25-10-2019,0,23.84747,31.20964,85.9,24.8,7.6,213.6
26-10-2019,0,24.47923,32.74656,84.4,27.4,11.2,173.5
27-10-2019,0,24.67824,32.31861,81.7,24.1,7.4,84.7
28-10-2019,0,25.22967,32.97816,80.6,27,9.4,104.2
29-10-2019,0.654139698,24.56112,31.25538,84.4,33.1,14.8,75.8
30-10-2019,0,24.15347,29.31621,89.3,28.4,16.6,83.6
31-10-2019,5.479549408,23.42829,30.16626,87.3,22,9.4,272.4
01-11-2019,0.217578545,23.91925,32.50343,81.1,16.2,9.4,116.5
02-11-2019,0,24.34311,32.65629,78.9,19.8,7.6,103.6
03-11-2019,0,24.03404,32.78907,78.1,21.6,9.4,130.4
04-11-2019,0,23.86368,33.29121,76.1,20.9,13,352.2
05-11-2019,0,23.30368,33.26114,72.9,23,11.2,353.7
06-11-2019,0,23.78602,32.92826,77.1,27,11.2,88.8
07-11-2019,0,23.5282,32.73387,75.5,21.6,11.2,22
08-11-2019,0,23.70596,32.10836,71.5,26.3,14.8,353.4
09-11-2019,0,22.43259,32.87461,66.5,29.2,16.6,341.6
10-11-2019,0,22.05857,33.24139,71,23.4,11.2,27.5
11-11-2019,0,22.3846,32.48911,77.1,15.1,9.4,139
12-11-2019,0,22.43154,32.36008,77.5,20.2,6.8,97
13-11-2019,0,22.48597,31.28983,76.8,28.4,14.8,92.3
14-11-2019,0,22.69385,30.84148,73.4,31.7,18.4,78.1
15-11-2019,0,22.45155,29.85052,75.5,25.9,13,89.6
16-11-2019,0,22.60462,31.77654,79.4,23.8,11.2,111.4
17-11-2019,0,22.14602,32.67019,76.9,24.8,13,42.8
18-11-2019,0,22.47874,32.57405,81.2,24.1,11.2,110.8
19-11-2019,0,23.23311,31.91923,80.4,24.8,13,79.8
20-11-2019,0,23.46921,31.52578,79.3,32.8,11.2,85
21-11-2019,0,22.47742,31.33303,75.8,31,14.8,85.2
22-11-2019,0,21.75722,31.45164,77.6,30.2,11.2,80.5
23-11-2019,0,20.8749,31.28919,79,25.6,9.4,87.1
24-11-2019,0,20.67342,31.29199,77.9,24.1,9.4,95.2
25-11-2019,0,20.50945,31.11055,78.5,29.2,11.2,91.3
26-11-2019,0,20.83101,30.89398,74.7,38.2,18.4,78.1
27-11-2019,0,20.81422,30.70129,74.9,29.9,18.4,82.7
28-11-2019,0,21.70445,31.20263,76.4,32.8,14.8,88.8
29-11-2019,0,21.9049,31.94058,76.8,26.6,13.7,90.8
30-11-2019,0,22.18736,31.75625,77.5,28.8,11.2,90.8
01-12-2019,0,22.79026,28.64029,82.8,28.1,18.4,77.3
02-12-2019,0,22.92883,28.27941,81.1,27,9.4,83.4
03-12-2019,0,21.94094,29.22043,78.5,32,11.2,82.8
04-12-2019,0.246962145,21.58058,30.46542,77.2,36.4,14.8,87.5
05-12-2019,0,20.75158,29.47431,72.1,31.7,14.8,91.1
06-12-2019,0,19.6686,29.34962,70.8,36.7,18.4,89.2
07-12-2019,0,18.39665,29.7189,71.6,31.3,14.8,82.5
08-12-2019,0,20.51229,30.46483,75.4,30.6,13,92.7
09-12-2019,0,20.45535,30.50201,75.2,29.5,16.6,97
10-12-2019,0,20.76838,30.56273,74.2,25.2,9.4,98.4
11-12-2019,0,19.98295,30.60732,72.5,20.9,11.2,100.9
12-12-2019,0,19.9332,30.77468,75.1,30.6,11.2,107.5
13-12-2019,0,20.61517,31.37713,78.6,28.4,14.8,93.1
14-12-2019,0,21.32481,30.69463,78,29.5,14.8,100
15-12-2019,0,20.73622,30.4656,78,29.2,13.1,87.6
16-12-2019,0,20.63155,30.84182,75,31,22.3,87.6
17-12-2019,0,20.29268,30.30533,73.7,33.5,14.8,78.3
18-12-2019,0,20.21036,30.17555,75.2,29.5,14.8,94.1
19-12-2019,0,20.71529,30.21757,79.6,27.7,13,89.3
20-12-2019,0,20.45728,30.39454,78.3,18.7,9.4,49.4
21-12-2019,0,20.81927,29.92049,79.3,21.2,13,103.1
22-12-2019,0,20.49056,29.96333,75.5,28.1,14.8,89.3
23-12-2019,0,19.85132,29.51987,76.3,34.6,11.2,96.8
24-12-2019,0,20.09536,29.69937,75.7,34.9,15,84.3
25-12-2019,0,20.36045,30.62329,75.8,31.3,13,98.2
26-12-2019,0,20.52706,29.46496,77.4,23.8,9.4,104.2
27-12-2019,0,21.44206,30.01513,75.9,18,7.6,129.4
28-12-2019,0,19.86818,28.79759,77.1,22.3,11.9,89.4
29-12-2019,0,18.64502,28.16255,75.3,30.6,18.4,89
30-12-2019,0,18.68153,28.56243,74.4,27.7,16.6,90.3
31-12-2019,0,20.09221,28.5181,73.1,35.6,18.4,96.9
01-01-2020,0,20.47038,30.0518,76.2,39.2,16.6,89.8
02-01-2020,0,21.16012,28.89146,79.1,33.1,20.5,93.3
03-01-2020,0,21.59509,29.71258,83.1,25.9,13,105.5
04-01-2020,15.88649368,21.70277,28.88253,90.3,19.8,7.6,59.7
05-01-2020,0,20.98463,28.41505,82.8,28.1,9.4,73.1
06-01-2020,0.962954283,20.48151,28.31997,79.9,36,16.6,83.6
07-01-2020,0,21.43212,29.40805,78.9,29.5,16.6,95.6
08-01-2020,0,21.40103,29.77192,78.6,28.1,9.4,111.8
09-01-2020,0,20.34846,30.13203,78.1,24.8,9.4,139.6
10-01-2020,0,20.52633,28.97348,77.3,23,9.4,89.7
11-01-2020,0,19.63321,29.74207,78.7,23.8,9.4,66.8
12-01-2020,0,19.06797,30.09486,72.9,23.8,7.6,76.5
13-01-2020,0,18.09348,30.90316,78.1,20.5,9.4,107.8
14-01-2020,0,18.84231,30.7326,78.5,24.1,9.4,116.8
15-01-2020,0,18.97965,29.94397,76.8,29.9,13,112.9
16-01-2020,0,19.37696,30.52855,78.9,26.6,13,104.1
17-01-2020,0,19.90412,30.81099,79.9,27.7,14.8,106.3
18-01-2020,0,21.05206,30.72224,78.3,25.9,11.2,109.4
19-01-2020,0,21.32506,31.00921,79,25.2,11.2,98.5
20-01-2020,0,20.74178,31.36471,77.1,20.5,9.1,122.1
21-01-2020,0,20.96638,31.04243,77,32,9.4,108.6
22-01-2020,0,20.66668,31.3338,77.4,28.4,14.8,102.3
23-01-2020,0,20.37797,31.27124,78.3,20.9,9.4,114.9
24-01-2020,0,19.36911,31.58225,75.4,28.1,9.7,161.7
25-01-2020,0,20.07889,31.78591,75.2,26.6,9.4,147.5
26-01-2020,0,19.77705,32.21484,75.2,20.9,9.4,186.2
27-01-2020,0,19.85791,33.16397,75,32.8,9.4,185.1
28-01-2020,0,21.00024,32.31115,73.1,37.4,16.6,189.4
29-01-2020,0,21.64526,32.278,77.5,31.3,11.5,166.4
30-01-2020,0,21.50604,31.71563,76.9,24.1,9.7,174.8
31-01-2020,0,20.43901,31.84603,74.1,23,9.1,175.3
01-02-2020,0,21.32496,31.54158,75.2,30.2,13,152.5
02-02-2020,0,21.17306,30.8156,75.1,31.7,13,125.2
03-02-2020,0,20.79299,31.11624,77.7,29.5,13,116.4
04-02-2020,0,20.78133,31.44798,74.2,28.8,11.2,143.2
05-02-2020,0,20.80849,32.31317,73,30.2,11.2,170.4
06-02-2020,0,20.45218,32.09666,74.7,38.2,13,173.3
07-02-2020,0,21.67134,31.79588,73.8,38.9,13,168.5
08-02-2020,0,22.1539,30.54905,77.1,33.5,14.8,155.1
09-02-2020,0.72085613,21.99457,28.39963,80.9,46.4,18,87.2
10-02-2020,6.051480293,20.70356,28.93998,82,34.2,14.8,95.8
11-02-2020,0.716188014,21.32097,30.32418,75.3,38.9,13,100.1
12-02-2020,0,21.13819,30.91825,77.1,31.3,13,91.5
13-02-2020,0,20.48841,32.12943,70,23.4,11.2,9.1
14-02-2020,0,19.20751,33.79729,65.6,23,9.9,287.4
15-02-2020,0,19.35853,33.62367,71.9,23.8,9.4,179
16-02-2020,0,20.02021,33.25746,75.4,29.9,11.2,168.7
17-02-2020,0,19.87941,32.90896,72.5,23.4,9.4,187.4
18-02-2020,0,19.55022,32.73878,72.5,30.6,11.2,182.4
19-02-2020,0,20.70053,31.9665,77.1,34.9,11.2,160.1
20-02-2020,0,21.07379,31.92141,75.8,33.8,11.2,129.7
21-02-2020,0,20.64616,31.70071,70.4,31.7,11.2,112.9
22-02-2020,0,19.70099,32.29737,69.3,34.2,11.2,102.9
23-02-2020,0,20.36621,32.13864,73.2,29.5,11.2,141.2
24-02-2020,0,21.57618,33.00033,75.8,32.8,11.2,172.9
25-02-2020,0,21.99619,32.48817,72.7,36.7,13,184.3
26-02-2020,0,21.94626,32.24017,74.9,21.6,11.2,126.6
27-02-2020,0,21.51606,32.41419,74,34.6,11.2,110.5
28-02-2020,0,22.21406,31.73773,74.9,31,11.2,99.6
29-02-2020,0,21.71974,32.50266,72.8,31.7,13,126.8
01-03-2020,0,21.75786,32.1013,72.3,32.8,11.5,143.2
02-03-2020,0,21.93756,32.62258,72.2,27.4,10.8,177.3
03-03-2020,0,21.48936,33.08584,73.7,27,11.2,195.1
04-03-2020,0,22.96262,34.07682,71.1,28.4,14.8,162.7
05-03-2020,0,21.85233,32.82023,71.6,37.8,14.4,157.1
06-03-2020,0,23.52161,32.54606,72.7,46.8,18.4,160.6
07-03-2020,0,23.8536,31.8521,77.7,34.6,14.8,163.7
08-03-2020,3.087026596,23.49616,32.09549,72.8,28.1,11.2,152.4
09-03-2020,0,22.72569,32.46913,69.7,28.8,9.7,155.3
10-03-2020,0,22.60448,33.86735,70.7,32.8,8.6,176
11-03-2020,0,23.08265,33.5159,70.7,37.8,8.6,172.5
12-03-2020,0,23.13992,33.55084,70.5,33.1,9.7,160.5
13-03-2020,0,23.71184,33.93126,67.9,37.4,8.3,149.6
14-03-2020,0,22.64143,33.57096,68.2,39.6,10.1,147.9
15-03-2020,0,22.71334,33.2789,72.4,36.4,11.2,127.5
16-03-2020,0,22.86468,33.75084,70.7,28.8,9,139
17-03-2020,0,22.84366,34.74237,69.7,33.8,9.4,153.8
18-03-2020,0,22.83771,35.14738,68.6,27.7,10.4,166.4
19-03-2020,0,24.21,35.58683,66.4,24.5,13,196.4
20-03-2020,0.120369285,23.27018,34.55801,67.4,35.3,11.2,163.7
21-03-2020,0,24.44308,34.68062,66.6,36.4,12.2,161.9
22-03-2020,0,24.21038,34.70744,67.1,34.6,10.4,172.2
23-03-2020,0,23.77452,34.56382,67.2,33.1,10.1,154.5
24-03-2020,0,23.59313,34.38951,67.9,26.6,9.4,148.2
25-03-2020,0,23.59659,34.66063,65.8,34.6,10.1,173.7
26-03-2020,0,23.77063,35.05655,64.2,32,10.1,174.2
27-03-2020,0,23.65406,36.0602,62.4,29.2,13.7,169.9
28-03-2020,0,23.25304,36.54967,61.1,30.6,14,188.8
29-03-2020,0,24.31948,36.92086,59,30.6,14.4,172.8
30-03-2020,0,24.01805,36.21936,63,31.7,14.4,156.8
31-03-2020,0,24.58088,36.78439,60.1,30.2,11.5,188.9
01-04-2020,0,24.72486,37.38752,59.7,29.2,14,190.5
02-04-2020,0,25.16026,37.21898,64.9,30.6,13.7,169.3
03-04-2020,0,25.5707,34.93658,67.9,32.4,13,166.7
04-04-2020,0,24.43267,34.78377,67,28.1,12.6,153.3
05-04-2020,0,24.49298,36.11021,67.7,26.3,12.2,163.8
06-04-2020,0,26.10269,36.13874,67.9,27,11.5,173.7
07-04-2020,0,25.80887,36.48537,68.2,31.3,12.6,182.5
08-04-2020,0,25.20236,37.17296,70.3,34.6,14.7,173
09-04-2020,0,25.62488,33.62025,73.3,27.7,10.8,163.2
10-04-2020,0,22.32534,35.00418,68.7,25.9,12.6,166.9
11-04-2020,0,24.20894,35.89145,67.7,28.8,13.7,166.8
12-04-2020,0,24.33938,36.87144,67.1,24.8,11.9,173.6
13-04-2020,0,24.98975,37.64482,67.2,26.6,11.2,176.7
14-04-2020,0,25.00371,36.6713,69,30.2,13,162.1
15-04-2020,0,24.97659,36.27116,66.3,28.1,13,175.2
16-04-2020,0,25.22,36.66182,67.8,30.6,12.6,180.1
17-04-2020,0,25.60663,37.16583,67.8,34.6,13,177.6
18-04-2020,0,26.38451,36.62099,65.6,32.4,13.3,173.4
19-04-2020,0,26.48831,35.58225,66.5,30.2,12.2,168.4
20-04-2020,0,25.99651,36.58002,68.3,33.8,14.8,176.3
21-04-2020,0,25.25743,37.00279,65.8,29.5,14.8,177.8
22-04-2020,0,26.59608,37.0673,66.1,37.4,18,169.1
23-04-2020,0,26.79552,37.71686,69.9,31.7,15.1,169.3
24-04-2020,0,27.52589,37.74911,66.8,38.2,17.3,175.1
25-04-2020,0,27.58904,37.70602,70.9,38.9,17.6,162.6
26-04-2020,12.85250854,25.92699,37.33216,70.9,38.9,17.6,169.7
27-04-2020,0,26.05739,36.48199,74.9,37.4,15.8,152.4
28-04-2020,13.36098957,26.1893,35.68322,72.4,29.5,11.5,141.9
29-04-2020,11.92832375,24.82949,36.64291,66.5,24.8,10.4,167.8
30-04-2020,0.264268577,26.15629,37.42978,68.2,34.2,14.8,160.5
01-05-2020,0,26.34116,38.38618,68.2,26.6,14,179.8
02-05-2020,0,26.6454,37.66748,68.1,31,12.6,174.7
03-05-2020,0,27.30482,39.30611,67.6,29.9,15.1,185.4
04-05-2020,0,27.50771,38.74317,68.3,32,15.8,173.7
05-05-2020,0,27.71481,38.62734,66.9,31.3,15.1,175.6
06-05-2020,0,27.85885,38.04096,69.6,36,16.2,157.6
07-05-2020,0,27.34923,37.61022,68.7,30.6,14,158.6
08-05-2020,0,27.44874,38.18909,65,27,11.9,180.5
09-05-2020,0,27.80971,38.38345,67.6,28.8,15.5,169.7
10-05-2020,0,27.4481,36.89214,64.6,25.6,12.2,161.4
11-05-2020,0,26.83991,37.24865,62.9,26.6,10.8,144.8
12-05-2020,0,27.09094,37.55964,61.5,30.2,15.5,141.8
13-05-2020,0,26.32524,37.37992,64.8,34.2,16.6,151.5
14-05-2020,0,26.97614,37.44877,63.6,32.8,15.8,133.1
15-05-2020,0,27.21483,37.85089,64.2,32,15.8,126.5
16-05-2020,0,27.75882,38.18853,64.9,31,11.2,100.6
17-05-2020,0,27.20562,38.09105,64.3,27.7,12.6,49.7
18-05-2020,0,27.70382,38.78241,59,36.4,12.6,3.2
19-05-2020,0,26.94659,39.70107,49.8,41,18.4,311.8
20-05-2020,0,28.29355,42.18147,43,32.4,14.4,292.8
21-05-2020,0,28.30193,43.53336,42.6,43.2,15.8,264.8
22-05-2020,0,27.46491,42.69997,59,29.2,9,176.2
23-05-2020,0,28.90775,41.96267,67.8,32.8,15.8,144.7
24-05-2020,0,29.00501,40.7416,67,32.4,15.1,159.5
25-05-2020,0,29.48105,39.85914,68.2,33.8,14,165.6
26-05-2020,0,29.21428,39.82837,67.4,30.6,13.7,169.9
27-05-2020,0,29.55687,40.75027,67.1,34.9,14.4,168.3
28-05-2020,0,29.38518,40.9833,67.6,32,14.4,168.5
29-05-2020,0,29.46809,41.72948,69.2,34.9,16.6,136.8
30-05-2020,0,27.72327,39.17259,65.6,28.8,14,120.2
31-05-2020,0,29.00623,39.25312,65.3,46.4,37.1,174.7
01-06-2020,0,26.56733,37.50428,66.6,27,14.8,152.8
02-06-2020,0,26.52158,37.78011,72.6,29.9,10.1,186.1
03-06-2020,3.499647141,26.80033,36.58331,64.8,34.2,11.2,173.9
04-06-2020,1.332479,27.66244,37.11183,67.1,47.2,11.9,198.5
05-06-2020,0,27.86599,38.34374,59.7,32.8,11.9,238.3
06-06-2020,0,28.06037,39.23787,55.2,34.2,11.5,236.7
07-06-2020,0,28.82011,39.70755,51.4,41.4,14,260.7
08-06-2020,0,29.03435,38.96615,52.9,45.4,18.4,278.2
09-06-2020,0,29.28523,38.92119,59.4,41,11.2,170.2
10-06-2020,6.270977497,26.49533,36.57156,75.4,46.4,17.9,273.3
11-06-2020,10.85406017,24.60146,31.7162,87,36.7,14.8,245
12-06-2020,4.338581562,24.9727,31.99459,83,41.4,16.6,241.8
13-06-2020,0.128189445,25.39909,35.24763,65,36.7,18.4,222.9
14-06-2020,0,26.69254,36.68628,63.4,40.7,22.3,229.5
15-06-2020,0,26.96453,35.9795,67.8,55.4,37.1,232.5
16-06-2020,0,27.19318,34.93581,66.8,37.8,27.7,207.1
17-06-2020,0.915795565,26.4105,33.78725,71.5,45.7,24.1,225.2
18-06-2020,4.899911404,26.37371,34.22329,77.7,50.4,13,215.2
19-06-2020,6.271245003,26.43024,36.46754,71.7,49.3,27.7,255.5
20-06-2020,0,27.13244,36.52674,63.8,45,31.7,262.9
21-06-2020,0,27.12845,33.97976,82.2,47.5,18.4,236.7
22-06-2020,15.22712326,26.65555,35.42861,74.7,50,20,242.8
23-06-2020,0,25.44197,36.69902,72,37.1,22.3,232.6
24-06-2020,1.264728069,27.55073,37.21405,72.9,23.8,9.7,139.6
25-06-2020,0,26.83456,36.6207,72.7,26.6,11.2,131.4
26-06-2020,1.173987627,27.00815,35.61692,75,23.8,13,104.2
27-06-2020,0,27.29607,36.606,77.3,26.6,13,146.9
28-06-2020,0.71691519,26.52551,36.17313,82,20.9,11.2,155.3
29-06-2020,0.259017378,26.50909,35.41828,77.6,21.6,9.4,137.6
30-06-2020,0.792046487,26.16051,35.07592,80.7,19.1,12.1,99.2
01-07-2020,0.188326404,26.02238,34.53561,78.9,28.4,11.2,201.4
02-07-2020,0,26.07138,34.61644,75.9,36.7,16.6,237.1
03-07-2020,0,25.70862,33.52675,71.6,50,31.7,229.2
04-07-2020,11.8743,24.69579,31.50747,83.6,43.2,18.4,225
05-07-2020,10.1902256,24.58151,30.51576,88.3,38.5,22.3,213
06-07-2020,5.307144642,24.49197,30.71469,89,32.4,29.6,208.2
07-07-2020,1.479183316,25.59266,35.38397,80.3,33.1,13,201.4
08-07-2020,1.390535116,25.75821,34.68388,76.4,28.1,11.2,215.3
09-07-2020,59.62119675,24.3692,33.52516,87.9,46.4,16.4,221.3
10-07-2020,3.422808647,24.8883,32.47665,79.1,37.1,24.1,223.4
11-07-2020,4.440234184,25.09475,33.53162,81,34.6,14.8,211.5
12-07-2020,2.954869032,25.90856,33.89828,80.6,32.4,13,224.1
13-07-2020,4.589660645,25.22104,33.32286,84.6,25.6,13.6,220.8
14-07-2020,10.70383453,24.55892,31.66367,85.7,26.6,11.2,208.7
15-07-2020,28.83353806,24.15586,28.56804,92.3,24.1,14.8,198.9
16-07-2020,4.488501549,24.08187,30.70921,86.2,34.6,13,202
17-07-2020,10.2671814,25.11927,32.61257,79.2,34.2,11.5,205.4
18-07-2020,11.26570702,24.69098,33.62643,81.9,25.6,11.2,174.7
19-07-2020,0,25.80498,33.81681,87.4,22,13,174.5
20-07-2020,66.44104767,25.73268,33.65462,82.1,32,13,160
21-07-2020,2.991762877,25.21239,34.34825,80.5,29.5,11.2,148.8
22-07-2020,0,26.28243,34.10473,81.5,30.2,11.2,140.3
23-07-2020,0,25.25505,29.1454,89.8,18,13,309.9
24-07-2020,13.248353,24.60663,32.50278,85.8,20.2,11.2,14.5
25-07-2020,0.37716502,24.9363,32.87849,83.2,18.4,10,343.8
26-07-2020,1.00832653,25.449,35.09054,78.5,22.7,11.2,208.3
27-07-2020,0.188326404,26.10383,35.44159,74.2,33.5,16.6,243.5
28-07-2020,0,26.75552,35.3626,79.4,27.7,18.4,262.4
29-07-2020,5.92403698,25.30952,33.74858,81.3,31.7,11.2,85.9
30-07-2020,0,26.02249,34.9202,80.9,24.5,11.2,76.2
31-07-2020,0,26.2604,33.65977,86.3,19.1,11.2,130.1
01-08-2020,1.504521251,25.94277,33.46432,87.4,20.5,11.2,230.2
02-08-2020,2.429499388,25.63565,34.23805,76.5,33.1,18.4,222.5
03-08-2020,6.562671185,25.74252,32.70372,72.7,46.8,22.3,235.2
04-08-2020,5.577100754,25.08712,31.77864,84,47.9,14.8,234.3
05-08-2020,0.58106631,25.49634,30.60089,81,54,17.6,200.5
06-08-2020,0,25.52658,33.88525,77.9,45.4,16.6,187.4
07-08-2020,0,26.52222,33.98017,71.7,41,18.4,226.6
08-08-2020,0,27.08591,34.06821,69.3,55.4,37.1,251.6
09-08-2020,0.756051064,26.79518,31.57699,75.4,40.7,22.3,238
10-08-2020,11.10725021,24.32142,29.30621,85.9,26.3,18.4,232
11-08-2020,0,24.57294,32.62421,78.9,47.2,18.4,237
12-08-2020,12.29314899,24.82645,29.0591,89.6,55.4,14.8,232
13-08-2020,28.1968441,24.36764,27.67754,88.6,46.4,27.7,239.7
14-08-2020,13.93035889,23.59665,27.35012,90.4,44.6,18.4,233.6
15-08-2020,12.6158371,23.59586,26.2456,93.8,31.3,14.8,221.3
16-08-2020,22.29524612,23.80063,27.55663,89.6,46.4,22.3,228.2
17-08-2020,1.800238013,24.29712,30.59533,87.2,47.5,27.7,200.3
18-08-2020,4.79145813,24.91645,32.83728,77.9,44.6,25.9,229.2
19-08-2020,1.020485759,25.149,30.01205,80.5,38.5,27.7,272.1
20-08-2020,7.786981106,24.51888,27.75748,90.7,39.6,18.4,233.7
21-08-2020,4.727964878,24.64837,31.46621,83.4,44.3,14.8,190.5
22-08-2020,3.969861031,24.89504,32.62305,85.4,37.4,11.2,173.6
23-08-2020,5.963392735,25.45445,32.15551,89.2,34.9,11.2,180
24-08-2020,0,24.99025,32.93928,80.3,29.2,13,201.5
25-08-2020,0,25.64379,33.75201,80.9,37.1,18.4,218.6
26-08-2020,0,26.25303,31.89677,86.1,27.7,22.3,233.3
27-08-2020,0.810126066,25.24168,30.77905,85.8,41.4,18.4,249.6
28-08-2020,0,24.89321,32.95169,78.1,33.8,18.4,220.6
29-08-2020,0,25.65412,33.80165,77.5,33.5,12.8,228.4
30-08-2020,6.26835537,25.67598,34.46494,76.1,27.4,18.4,222.5
31-08-2020,0.302420437,25.85822,34.62336,73.6,27.4,14.8,230.2
01-09-2020,0,26.95364,34.09808,76.8,34.2,13,300.8
02-09-2020,0,25.5722,32.64518,82.9,23.8,14.8,41.9
03-09-2020,0,25.38555,33.70997,80.8,24.5,11.2,56.3
04-09-2020,0,25.72301,33.85789,78.2,27,11.2,71.7
05-09-2020,0,25.91023,33.98778,78.4,21.6,11.2,89.9
06-09-2020,0,26.38303,34.6565,77.4,24.5,11.2,115.5
07-09-2020,0.533558071,26.65158,34.63359,77.2,19.4,11.2,96.9
08-09-2020,0,25.92939,34.7937,78.5,22.3,11.2,136.1
09-09-2020,0,26.38299,34.87006,75.3,17.6,11.2,109.3
10-09-2020,0.131456345,26.40287,34.50002,78.3,23.8,9.4,144.8
11-09-2020,0,25.77157,32.26173,82.2,29.9,9.4,194.8
12-09-2020,0,24.62996,31.84118,84.3,24.8,16.6,219
13-09-2020,21.89644051,24.1319,29.06847,91.1,33.8,20.5,237.6
14-09-2020,12.24632835,23.90458,28.36957,91,29.5,18.4,232.3
15-09-2020,18.93624496,24.48469,28.7953,84.8,28.1,14.8,221.8
16-09-2020,0,24.81894,31.96301,85.9,25.2,11.2,203.7
17-09-2020,6.00531292,25.25342,32.66322,85.6,24.8,14.8,225.8
18-09-2020,0.221652493,25.34632,33.1414,84.7,28.1,14.8,224.1
19-09-2020,22.14248085,24.68387,30.38539,87,27.4,13,221.3
20-09-2020,0.406362891,24.91715,31.05156,91.2,27,11.5,203.4
21-09-2020,4.074952126,24.66028,30.74443,85.8,32.4,13,199.3
22-09-2020,0,25.07665,31.8317,85,48.6,13.7,175.4
23-09-2020,0.664957404,25.20361,32.26967,77.8,36,18.4,191.2
24-09-2020,0.614799023,25.45844,33.25605,77.5,29.2,13,208.6
25-09-2020,0,26.01846,33.02692,82.8,29.5,11.2,184.7
26-09-2020,48.31369019,23.45672,26.51538,85.4,55.4,37.1,214.7
27-09-2020,0.507230938,24.08721,31.03723,80.7,32.8,13,240.1
28-09-2020,0,24.41032,33.13855,80.7,27.7,13,260.2
29-09-2020,0,25.7299,31.82669,82.5,26.6,11.2,247.8
30-09-2020,7.210827827,24.17417,30.60607,88.6,33.5,9.4,244
01-10-2020,1.309310675,24.06564,31.81294,83.4,42.8,14.8,238.5
02-10-2020,0,24.6189,32.68268,82,40,13,226.1
03-10-2020,0,26.17697,33.08493,81.5,40.7,17.8,251.5
04-10-2020,8.904847145,25.55741,31.0875,80.7,32.8,14.8,229.2
05-10-2020,0,25.18988,32.48573,76.8,33.1,14.8,249.1
06-10-2020,0,25.12158,33.34021,86.6,40.7,16.2,343
07-10-2020,49.91534424,25.50801,31.13226,85.6,25.2,14.8,246.7
08-10-2020,0,24.76039,31.71701,86,16.2,11.2,237.3
09-10-2020,15.41590977,25.26989,32.20595,85.5,16.6,14.8,98.3
10-10-2020,34.27661896,25.53261,30.084,87.1,20.2,9.4,257
11-10-2020,0.63746959,24.42254,27.86135,94.1,24.8,8.6,331.4
12-10-2020,10.46759224,24.087,28.92376,92.9,25.9,13.3,297
13-10-2020,114.5502777,24.30176,28.17885,96,53.6,24.1,262.3
14-10-2020,27.00032043,23.76303,29.65737,90,31.7,11.2,115.6
15-10-2020,3.824471951,24.28578,31.10875,86.6,29.9,14.8,72.4
16-10-2020,0.433032662,24.83921,31.82145,89.7,46.4,27.7,263.9
17-10-2020,10.05220604,24.80527,31.95942,86.8,20.5,11.2,93
18-10-2020,3.912278652,24.33041,31.82726,85.9,19.4,6.1,33
19-10-2020,0,24.60925,32.92619,84.7,25.6,11.2,315.1
20-10-2020,25.19949341,24.50209,30.33031,91.9,21.2,11.2,21
21-10-2020,2.985795498,24.51752,29.59348,86.3,21.2,9.4,280.3
22-10-2020,0,24.42194,32.37644,82.7,21.2,11.2,297.4
23-10-2020,0,24.17868,33.14098,79,20.9,11.2,308
24-10-2020,0,23.67651,33.46634,80.8,18.4,9.4,56.2
25-10-2020,0,24.47976,33.32114,83.6,21.2,9.4,46.8
26-10-2020,0,23.86784,33.28931,75.9,22.7,11.2,48.1
27-10-2020,0,23.3577,32.89706,80.8,24.1,11.2,57.8
28-10-2020,0,23.53873,32.60507,73.6,23.4,11.2,82.2
29-10-2020,0,22.96694,31.74914,74.9,14.4,6.1,340.2
30-10-2020,0,23.15639,32.79291,71.6,29.9,8.6,338.3
31-10-2020,0,22.92253,33.21712,71.5,20.5,11.2,330.3
01-11-2020,0,22.53481,33.38575,74.5,15.1,7.6,197.8
02-11-2020,0,22.909,33.64395,77.9,13.3,9.4,20.3
03-11-2020,0,23.7674,33.40485,78.6,19.8,11.2,94.7
04-11-2020,1.492822886,23.33027,32.53065,78.1,22.3,11.2,6.3
05-11-2020,3.262982845,21.77871,32.73867,81.7,40.7,22.3,64.1
06-11-2020,7.93528986,22.21722,32.18355,84.5,27.7,14.8,80.6
07-11-2020,0.531777382,23.51344,31.5878,79.3,37.1,18.4,75.3
08-11-2020,0,22.6185,31.67766,78.8,28.1,14.8,69.8
09-11-2020,0,19.71722,31.36603,68,19.4,14.8,39.9
10-11-2020,0,18.33982,30.70427,69.8,22,13,51.7
11-11-2020,0,19.58335,30.86594,77.2,37.1,18.4,42.8
12-11-2020,0.100399479,22.3878,28.34181,84.9,48.2,29.5,69.9
13-11-2020,2.792218685,23.08598,31.00158,71.1,28.8,18.4,76.1
14-11-2020,0,22.32378,32.47046,67.8,33.5,18.4,78.8
15-11-2020,0,22.36116,30.66361,72.3,46.8,27.7,74
16-11-2020,6.064060211,23.34045,29.91806,82.6,22.3,16.6,67.6
17-11-2020,0,22.30051,31.62132,79,46.4,20.5,82.3
18-11-2020,0,23.0012,31.73913,81.7,24.8,18.4,83.7
19-11-2020,0,23.57176,32.58256,82.2,25.2,13,94.3
20-11-2020,0,22.7885,32.46186,80.9,13.7,9.4,146.2
21-11-2020,0,21.68076,33.49667,75.2,15.1,11.2,307.8
22-11-2020,0,22.32495,32.72741,77.9,21.2,9.4,112.6
23-11-2020,8.14975071,22.19518,30.88314,83.1,30.2,18.4,61.8
24-11-2020,0,21.27976,30.76147,72.7,37.1,18.4,63
25-11-2020,0,20.22443,29.44249,67.8,46.4,27.7,56.3
26-11-2020,9.833781242,21.65545,24.88793,92.7,55.4,37.1,61.8
27-11-2020,101.2064285,19.64802,23.06186,92.5,74.2,38.2,52.7
28-11-2020,5.872058392,19.34562,26.87043,83.4,48.2,29.5,69.4
29-11-2020,0,21.40408,28.78639,67.3,37.1,22.6,73.3
30-11-2020,0,20.88397,30.79911,68.3,33.5,22.3,79.5
01-12-2020,0,20.53589,30.39723,74.8,33.5,14.8,77.6
02-12-2020,0,19.49469,30.36422,73.4,20.9,14.8,61.1
03-12-2020,0,19.75229,29.73859,68.6,25.6,18.4,56.7
04-12-2020,0,20.3077,31.00524,70.8,28.1,18.4,64.6
05-12-2020,0,20.23961,30.57825,71.4,29.9,18.4,63.7
06-12-2020,0,19.30544,30.68703,67,55.4,27.7,67
07-12-2020,0,20.50081,30.85509,68.3,37.1,18.4,67.9
08-12-2020,0,19.97285,31.35848,70.3,46.4,19.2,77.7
09-12-2020,0,18.98054,31.1079,74.3,18.7,11.2,86.3
10-12-2020,0,18.70513,31.13323,75.5,16.6,9.4,146.4
11-12-2020,0,18.63994,31.36677,76.7,15.5,9.4,128.4
12-12-2020,0,19.03495,30.56684,75.3,19.1,11.2,102
13-12-2020,0,18.9718,30.61823,72.1,18.7,11.2,83.5
14-12-2020,0,19.71154,30.60291,76.5,22.7,9.4,99.6
15-12-2020,0,19.35477,30.21266,79.6,29.2,18.4,75.8
16-12-2020,0,20.90209,30.50425,76.6,37.1,18.4,78.7
17-12-2020,0,20.94018,30.78169,76.4,26.3,14.8,73.4
18-12-2020,0,20.96093,30.56851,80.2,22.7,11.2,71.7
19-12-2020,0,20.37097,29.90134,81.1,27.7,11.2,60.1
20-12-2020,0,19.27998,29.49542,77.6,26.6,18.4,71.3
21-12-2020,0,17.1212,29.28465,68.1,19.8,11.2,63.7
22-12-2020,0,16.31154,29.44999,72.6,20.9,9.7,72.2
23-12-2020,0,16.44764,29.34159,76.4,19.1,13,92.2
24-12-2020,0,17.554,29.45863,75.3,21.6,13,79
25-12-2020,0,17.72919,29.34647,74.3,25.6,13,77.9
26-12-2020,0,18.03384,29.48843,75.6,23.4,11.2,62.5
27-12-2020,0,18.28933,30.15962,75.6,20.2,11.2,70.2
28-12-2020,0,18.0372,30.35806,76.6,19.4,11.2,72.6
29-12-2020,0,18.53215,29.87103,75,25.9,14.8,80.8
30-12-2020,0,19.38506,29.37865,70.7,33.5,18.4,81.5
31-12-2020,0,20.48267,29.30927,71.1,33.5,20.5,79.5
01-01-2021,0,19.79657,29.0583,70.4,36.7,18.4,76.4
02-01-2021,0,18.87043,28.99474,72,32,18.4,72.2
03-01-2021,0,19.00414,29.19391,74.1,33.1,18.4,76
04-01-2021,0,19.00715,29.77477,74.5,31.3,14.8,75
05-01-2021,0,20.41911,29.9244,74.8,25.9,18.4,79.9
06-01-2021,0,22.37224,27.94443,71.5,37.1,27.7,74.3
07-01-2021,0,22.19295,29.05636,73.9,18.4,11.2,83.9
08-01-2021,0,22.01292,30.62169,75.9,25.6,13,85.1
09-01-2021,0,21.13859,30.3166,75.8,37.1,22,80.8
10-01-2021,0,20.53165,30.75746,72.9,22,13,86.5
11-01-2021,0,20.08218,30.80911,77,21.2,11.2,77.1
12-01-2021,0,20.08254,31.30867,76.3,26.3,18.4,85.9
13-01-2021,0,20.27772,31.01123,83.2,25.6,11.2,86
14-01-2021,0,20.37351,31.06463,80.1,24.5,9,116.1
15-01-2021,0,20.5779,30.94014,76.9,17.6,9.4,146.3
16-01-2021,0,20.26602,30.93419,76.7,21.2,11.2,155
17-01-2021,0,19.8095,30.6408,78.3,29.2,13,116.7
18-01-2021,0,20.3239,29.95171,76.6,28.8,13,85.2
19-01-2021,0,20.01975,31.10222,74.1,20.2,9.4,95.3
20-01-2021,0,19.71382,32.21508,74.3,17.6,9.4,145.9
21-01-2021,0,19.98285,32.73554,72.3,21.6,11.2,189.3
22-01-2021,0,21.15903,31.86498,78.4,22.7,14.8,99.1
23-01-2021,0,21.11856,31.58362,78.9,23,10.8,141.1
24-01-2021,0,20.4828,32.01681,77.2,20.5,11.2,182.1
25-01-2021,0,20.34007,32.52166,73.1,25.6,11.5,147.3
26-01-2021,0,19.84481,32.12123,70.9,24.5,11.5,154.4
27-01-2021,0,20.31355,31.4459,76,27.4,9.4,161.6
28-01-2021,0,20.90257,31.14773,77.1,26.3,9.4,116.5
29-01-2021,0,21.05586,31.37011,78.7,24.1,9.4,113.3
30-01-2021,0,20.50735,31.75717,75.7,23,9.4,101.5
31-01-2021,0,20.60453,31.31921,76.4,21.6,11.2,108.8
01-02-2021,0,21.04636,30.86556,76.2,28.8,11.2,101
02-02-2021,0,19.78264,30.82587,74.7,31.3,11.2,92.5
03-02-2021,0,18.83932,30.99167,72.8,29.5,11.2,100.9
04-02-2021,0,18.53398,30.83058,64.3,27.7,13,104.7
05-02-2021,0,18.16172,31.2718,66,24.8,11.2,110.1
06-02-2021,0,18.64261,31.56635,65.5,26.6,11.2,116.8
07-02-2021,0,18.87187,31.06216,61.9,33.5,14.8,53.2
08-02-2021,0,18.81524,30.75361,69.9,29.2,13,88.6
09-02-2021,0,18.54123,30.98778,69.4,29.5,11.2,111
10-02-2021,0,18.66647,31.67727,70.1,25.2,12.2,161.2
11-02-2021,0,19.03528,31.47952,75.3,33.5,11.5,134.4
12-02-2021,0,18.97474,31.39041,71.1,29.5,13,111.4
13-02-2021,0,19.29213,31.33954,72.1,28.4,11.2,120.8
14-02-2021,0,18.4544,32.04014,68.6,29.5,13,132.2
15-02-2021,0,19.21764,32.37263,70.7,23.4,11.2,174.3
16-02-2021,0,20.02295,32.42361,71.8,27,11.2,185.6
17-02-2021,0,19.59203,31.75258,67.4,36.4,11.2,144.2
18-02-2021,0,20.18295,30.8567,71.3,35.6,14.8,107.7
19-02-2021,0,20.78749,28.04826,69.3,34.2,18.4,63.4
20-02-2021,0.166871652,20.58775,29.4169,68.2,46.4,27.7,75.2
21-02-2021,0.648103654,20.93009,29.97582,73.1,30.6,17.8,76.3
22-02-2021,0,21.26029,31.45711,67.2,27,14.8,90.1
23-02-2021,0,20.61229,32.72669,71.3,21.2,13,141.4
24-02-2021,0,20.59965,33.39888,73.2,24.1,9.4,192.3
25-02-2021,0,20.50384,35.08959,69.9,20.9,11.2,204.8
26-02-2021,0,21.40672,35.23063,68.2,22,11.2,215.1
27-02-2021,0,21.333,34.95793,71.1,22.7,11.2,199.8
28-02-2021,0,21.72833,35.10822,74.1,30.2,13,207.8
01-03-2021,0,21.49802,34.2608,73.7,24.1,11.2,173.4
02-03-2021,0,21.91506,34.60301,75.4,24.1,11.2,209.5
03-03-2021,0,21.01879,34.95466,68.6,27,11.2,202.3
04-03-2021,0,20.7588,34.61371,70.2,24.5,11.2,199.5
05-03-2021,0,19.61384,34.92742,64.6,22.3,13,214.2
06-03-2021,0,20.1446,34.8401,64.9,21.6,11.2,215
07-03-2021,0,21.06505,34.7509,76.9,22.7,9.4,189.2
08-03-2021,0,21.93136,34.0593,74.3,30.2,11.2,178.6
09-03-2021,0,21.33471,33.75823,74.3,24.5,11.2,180
10-03-2021,0,21.65576,34.53028,69.7,24.8,11.2,195.6
11-03-2021,0,21.6739,34.56631,72.5,25.9,11.2,208.1
12-03-2021,0,21.89566,34.58524,71,30.6,14.8,192.4
13-03-2021,0,19.62987,34.61481,63.3,21.2,11.2,186.3
14-03-2021,0,20.85762,34.83027,66.9,20.9,15.2,184.3
15-03-2021,0,21.55933,34.66919,69.8,20.9,9.4,151.2
16-03-2021,0,21.84758,34.52696,71.9,26.3,14.8,177.6
17-03-2021,0,22.64227,34.69588,69.8,30.6,11.2,179.8
18-03-2021,0,22.56034,34.21865,68.4,32.4,11.2,171.2
19-03-2021,0,22.01033,34.12232,68.2,26.6,13.7,163.4
20-03-2021,0,21.42507,34.63659,65.2,20.2,11.2,215.8
21-03-2021,0,22.18044,34.70568,65.8,22,13,256.4
22-03-2021,0,23.9213,35.26252,67.1,24.1,14.8,184
23-03-2021,0,22.93774,35.49509,63.6,21.6,11.2,186.5
24-03-2021,0,22.8377,35.68635,58.5,20.9,13,162.7
25-03-2021,0,23.54086,35.84746,64.4,23,13,208.1
26-03-2021,0,23.60946,36.03753,65.9,21.6,11.2,193.2
27-03-2021,0,23.72667,36.29303,70.2,22.7,11.2,186
28-03-2021,0,24.33489,36.34578,70.2,30.2,13,193.1
29-03-2021,0,23.93768,36.63828,73.5,26.3,11.9,206.4
30-03-2021,0,24.8051,38.26837,68.6,28.4,14.8,217.3
31-03-2021,0,24.76139,39.42434,60.5,24.8,13,257.5
01-04-2021,0,24.52876,39.19046,59.5,26.3,9.7,228.4
02-04-2021,0,25.45958,39.19882,64.8,24.5,13,224.5
03-04-2021,0,25.39098,37.4602,70.6,32.4,18.4,113.3
04-04-2021,0,25.54453,36.5626,67.2,25.9,13,162.3
05-04-2021,0,26.08536,35.68462,70.9,37.1,18.4,124.5
06-04-2021,0,25.27988,35.55645,67.9,31,13,161.8
07-04-2021,0,24.44711,36.4227,69.3,31,11.2,189.1
08-04-2021,0,25.03843,36.07866,71.1,31.7,13,186.2
09-04-2021,0,24.64143,35.18157,68.6,35.6,11.2,141.8
10-04-2021,0,24.68638,34.87768,66.1,33.8,11.2,136.1
11-04-2021,0,24.62035,35.23625,68,32,13,196.6
12-04-2021,0,25.44019,35.86653,67.1,32,13,152.8
13-04-2021,0,25.01679,35.83147,65.6,28.1,18.4,179.6
14-04-2021,0,23.88254,34.52805,59.5,29.5,14.8,194
15-04-2021,6.515604973,22.97467,34.16881,69.6,22.3,22.3,148.5
16-04-2021,0,24.08396,35.40047,68.8,24.5,14.8,159.8
17-04-2021,0,25.48701,36.32396,66.1,27.4,18.4,172.4
18-04-2021,0,25.95122,36.2429,69.5,30.2,11.2,157.7
19-04-2021,0,25.80492,37.33724,70.8,29.5,18.4,162.1
20-04-2021,0,27.04427,36.74624,71,34.2,13,167.9
21-04-2021,0,25.95538,36.28285,68.6,32.8,14.8,164.3
22-04-2021,0,26.01118,36.08119,67.5,30.2,11.2,171.2
23-04-2021,0,25.76929,35.78633,73.9,55.4,27.7,163.8
24-04-2021,40.7098999,25.03391,36.59842,72.8,55.4,18.4,161.9
25-04-2021,3.056706905,25.68495,37.33598,69.4,28.8,18.4,154.2
26-04-2021,0,25.51079,36.7939,70.2,27.4,12.6,168.8
27-04-2021,0,25.78221,37.53899,64.5,37.1,18.4,169.5
28-04-2021,0,26.05517,37.39281,66.7,24.8,14.8,156.8
29-04-2021,0,25.91421,37.19183,68.2,37.1,18.4,132.8
30-04-2021,0,25.5367,36.681,66,37.1,18.4,141.1
01-05-2021,0,25.57368,35.87477,65.5,34.2,14.1,143.5
02-05-2021,0,25.55315,36.40352,67.6,27.4,12.2,148.2
03-05-2021,0,25.55949,36.581,67.4,37.1,18.4,154.7
04-05-2021,0,25.77697,36.71212,68.3,31,11.2,161.1
05-05-2021,1.111329556,26.49971,37.29992,67.6,35.6,13,158.5
06-05-2021,0,26.64016,36.62219,68.9,34.2,11.2,151.6
07-05-2021,0.370443225,26.4882,37.01293,67.1,30.6,12.6,150.6
08-05-2021,0,26.45686,36.98838,66.5,32,12.6,131.6
09-05-2021,0,26.56393,36.78778,65.2,32.8,12.2,162.5
10-05-2021,0,27.44172,37.31923,65.3,29.5,13.3,160.5
11-05-2021,0,27.83848,38.01762,67.7,55.4,37.1,177
12-05-2021,23.42881203,24.02853,36.98151,72.6,28.4,11.9,191.9
13-05-2021,0,26.31887,37.42105,78.7,46.4,27.7,182.2
14-05-2021,8.719452858,26.91836,36.66928,71.9,33.8,14.8,159.9
15-05-2021,0.108017266,27.15813,35.83107,72.9,48.2,18.4,123.4
16-05-2021,4.990251541,26.60983,34.39728,80.6,45.7,21.3,116.9
17-05-2021,6.7367239,26.52851,36.03372,72.4,33.5,11.2,152.8
18-05-2021,0,26.88202,36.58552,69.9,33.8,11.9,172.6
19-05-2021,0,26.58016,37.21631,70.4,31,13,167.8
20-05-2021,0.246962145,25.96087,37.14964,72.7,26.3,13.7,220.9
21-05-2021,0,26.17196,37.3283,77.6,25.2,14.8,247.9
22-05-2021,58.38204193,25.07766,35.35326,79.8,37.8,15.1,224.9
23-05-2021,0.27188924,25.53199,36.99682,78.3,28.1,12.6,209.1
24-05-2021,0,26.53464,36.28463,67.7,55.4,86,267.2
25-05-2021,0,27.86559,37.75693,49.6,37.1,18.4,288.4
26-05-2021,0,27.10617,40.09576,47.1,55.4,37.3,285
27-05-2021,0,28.01675,38.6928,46.9,83.5,64.8,273.2
28-05-2021,0,27.86369,39.28539,50.9,41.4,18.4,269
29-05-2021,0,27.91499,40.60585,56.6,37.1,18.4,240.4
30-05-2021,0,28.36129,40.04729,57.5,31.3,18.4,251.2
31-05-2021,0,28.65808,39.77169,59.3,37.1,18.4,229.8
01-06-2021,0,27.91462,38.91167,63.2,28.4,14.8,197.7
02-06-2021,0,27.91032,38.62611,71.1,25.2,30.7,120.4
03-06-2021,7.967245579,25.44131,33.50716,80.7,37.1,18.4,15.2
04-06-2021,2.885658979,25.57171,35.57095,72.7,22.7,10,157.3
05-06-2021,10.40064526,25.87325,35.93371,66.7,31,10.1,172.8
06-06-2021,0,25.64834,36.33913,75.3,46.4,27.7,153.7
07-06-2021,10.41766644,26.77904,37.55238,69.2,28.1,14.8,224.7
08-06-2021,0.340239942,27.32679,38.73696,60.8,37.4,18.4,249
09-06-2021,0,27.5071,35.68453,60.1,46.4,27.7,273.8
10-06-2021,0,26.6043,34.88123,65.9,42.8,18.4,273.1
11-06-2021,14.67089844,25.56661,33.623,83.2,46.4,27.7,275
12-06-2021,4.638672829,26.42338,34.98915,72,55.4,37.1,263.9
13-06-2021,9.643893242,25.613,34.52179,76.4,47.9,18.4,263.3
14-06-2021,4.007423401,25.18884,33.02264,75.6,45.7,18.4,262.5
15-06-2021,0,25.96833,34.76429,69,49,28.7,273
16-06-2021,0,26.38419,34.91912,64.6,64.8,46.4,270.8
17-06-2021,0,26.48799,34.55799,62.7,64.8,46.4,261.5
18-06-2021,0.221652493,26.34912,34.40819,66.2,47.9,20.9,253.5
19-06-2021,0.668583095,27.26726,35.49694,61.7,55.4,37.1,258.4
20-06-2021,1.63476932,26.59555,36.8896,58,46.4,27.7,269.2
21-06-2021,0,26.91861,37.84385,55.6,37.4,22.4,288
22-06-2021,0.295536637,27.9756,36.9977,65.5,40.3,14.8,278
23-06-2021,0.313598663,27.40635,34.48981,68.4,34.6,18.4,305.1
24-06-2021,0.324774474,25.13065,33.73028,68.4,41.8,18.4,261.8
25-06-2021,0,25.87739,35.67785,56.3,46.4,27.7,282.8
26-06-2021,5.467427731,26.34424,35.61903,70.8,43.6,21.9,264.8
27-06-2021,1.231196523,25.1009,32.11934,82,33.5,11.2,261
28-06-2021,14.13628197,25.20676,34.21568,74.5,24.5,11.2,187.3
29-06-2021,0,25.9499,35.9144,75.6,30.6,11.5,169
30-06-2021,0,27.00689,37.38435,70.4,28.8,12.2,198.2
01-07-2021,44.16358566,25.95555,34.19904,84.3,37.1,18.4,184.4
02-07-2021,18.52142334,25.35409,32.02304,87.9,31.3,16.6,302
03-07-2021,1.182146549,24.71659,34.67728,75.5,33.1,14.8,260.4
04-07-2021,0,25.86409,36.07581,73.7,28.4,11.2,225
05-07-2021,0,25.7921,35.69154,73.5,27.7,18.4,296.3
06-07-2021,0,25.87982,35.99678,72.9,22,11.2,234.8
07-07-2021,1.270165801,26.72655,36.14899,77.8,25.2,9.4,209.2
08-07-2021,21.92698479,24.27046,31.35038,80.9,30.6,14.8,289.4
09-07-2021,0,25.67682,33.47756,86.1,28.1,11.2,242.8
10-07-2021,46.84197998,25.67737,32.33718,88.1,26.3,11.2,235.2
11-07-2021,0.886609972,25.97876,29.13322,87.2,36.4,11.2,255.3
12-07-2021,6.619296551,25.4962,30.26811,88.2,26.3,12.2,234.1
13-07-2021,4.211396694,24.6792,29.95965,87.7,41.8,12.6,233.4
14-07-2021,22.44626045,24.18925,30.44304,89.8,45.7,13,228.4
15-07-2021,2.578238964,23.72185,31.09906,86.1,40.7,14.4,210.7
16-07-2021,13.20643806,24.21147,31.87789,84.4,28.8,13,180.2
17-07-2021,2.321285248,24.70556,32.79081,81.4,24.5,12.2,169.6
18-07-2021,20.08843613,25.73082,32.25245,87.3,55.4,23.9,216.5
19-07-2021,2.269805908,24.72598,32.96567,80.2,40.7,23.4,261.5
20-07-2021,0,25.63228,32.32022,71.7,55.4,37.1,277.1
21-07-2021,0.591073275,24.04835,28.35201,89.6,46.4,86,267.5
22-07-2021,52.29466248,23.00605,26.44876,94.2,57.2,22.3,250.4
23-07-2021,45.17507553,23.17897,31.47958,76.7,63.4,22,263.2
24-07-2021,4.883322239,24.08678,33.71023,76.2,46.4,28.2,269
25-07-2021,0,25.77866,34.60823,74,46.8,27.7,262.5
26-07-2021,10.25337124,25.58341,34.54016,75.1,46.4,27.7,267.1
27-07-2021,0,26.86644,34.51054,68,46.4,27.7,267.5
28-07-2021,0,25.6042,34.52908,66.5,50,27.7,275.5
29-07-2021,0,26.45139,32.57239,66.1,64.8,37.1,275.7
30-07-2021,0,26.44762,33.52816,67.8,49.3,27.7,274.7
31-07-2021,4.073945045,26.15534,31.8824,68.9,46.4,27.7,265.9
01-08-2021,0,25.76849,33.78535,64.2,46.4,27.7,272.3
02-08-2021,0,25.7102,34.24567,61.5,46.4,27.7,266.8
03-08-2021,0,25.71443,35.00458,63.3,46.8,23.5,280.2
04-08-2021,0,26.46902,35.58665,62.3,64.8,46.4,266.4
05-08-2021,0,26.0988,35.07014,62.9,52.9,27.7,276
06-08-2021,0,26.21533,35.23898,61.1,41.8,18.4,279.8
07-08-2021,0,25.99807,36.24983,68.9,37.1,18.4,257.7
08-08-2021,3.48632288,26.35219,35.54946,76.2,37.1,18.4,185.1
09-08-2021,10.71951866,26.33582,36.1441,76.8,22.7,9.4,179.9
10-08-2021,11.70579243,25.82198,34.48324,80.6,30.6,18.4,242.7
11-08-2021,35.31750107,25.98603,35.71268,78.2,40.3,13,286
12-08-2021,0,26.65957,35.13057,80.8,46.4,18.4,269.8
13-08-2021,22.74700737,25.54286,33.51525,79.8,37.4,18.4,279.5
14-08-2021,4.9944911,25.19349,33.11295,84.7,41,18.4,281.9
15-08-2021,11.88227081,25.79025,32.83559,82.4,37.1,26.4,299.2
16-08-2021,38.64632034,24.63799,29.51391,88.5,31,16.6,273.7
17-08-2021,1.913087964,24.58297,29.95846,85.7,32,13,262.1
18-08-2021,0.558449328,24.71935,31.49577,82.4,35.6,14.8,233
19-08-2021,12.51905537,24.6939,31.98305,82.9,38.5,18.4,244.6
20-08-2021,0,25.32257,30.70403,84.9,23,11.2,237.2
21-08-2021,8.057048798,25.44458,30.94061,92.2,31.3,11.2,196.8
22-08-2021,33.73625946,24.41933,33.36766,81.9,22.3,11.2,184.9
23-08-2021,0,24.83173,34.00797,80.1,22,9.4,182.7
24-08-2021,0,25.52133,34.97881,77.9,20.2,11.2,180.2
25-08-2021,0,26.01309,35.389,77.3,28.1,10.1,214.8
26-08-2021,47.753685,24.37029,33.12944,80.1,29.9,16.6,272.1
27-08-2021,0,25.23108,31.87943,81.4,25.9,11.2,263.5
28-08-2021,0.272178382,24.70874,29.57352,86,26.3,13,252.5
29-08-2021,4.539548874,24.25728,30.72684,85.3,26.3,13,260.3
30-08-2021,4.802358627,24.1683,28.80881,89.6,21.6,11.2,225.7
31-08-2021,5.600412846,24.52439,30.19378,93.4,26.6,9.7,156.5
01-09-2021,0.812725782,24.79165,30.56719,90.2,18.4,11.2,95.9
02-09-2021,9.221483231,24.5792,32.63564,82.5,19.8,11.2,141.8
03-09-2021,29.00414276,24.64687,31.43253,80.9,18.4,14.8,266.8
04-09-2021,1.753137946,24.45947,31.37642,82.7,35.6,13,265.2
05-09-2021,8.678610802,24.52777,31.44722,79.3,30.2,13,259.8
06-09-2021,0.517189086,24.62042,27.86699,92,31.7,18.4,260.2
07-09-2021,15.33433723,24.20267,30.2654,85.7,46.1,16.9,232
08-09-2021,0,24.73192,32.0682,75.2,42.8,14,218.4
09-09-2021,0.664957404,25.09085,33.35247,74.7,42.5,18.4,256.2
10-09-2021,0,25.97193,31.95634,77.8,46.4,18.4,266
11-09-2021,0,25.98124,31.68166,78.5,37.1,18.4,266.9
12-09-2021,0,25.58678,32.37004,74.2,46.4,23.5,274.2
13-09-2021,3.402114391,25.91408,32.84562,75.4,43.2,23.4,264.2
14-09-2021,0,25.38853,33.20812,76.5,43.6,14.8,240.9
15-09-2021,14.29199982,25.65848,33.27422,75.4,30.2,18.4,250.9
16-09-2021,0,25.9846,34.13663,74.6,28.8,18.4,264.6
17-09-2021,0,25.67582,34.37838,70.7,27.4,18.4,254.3
18-09-2021,0,25.74393,33.45654,75.7,25.6,13,191.2
19-09-2021,1.51561439,25.16801,34.3346,78,22,13,238.5
20-09-2021,2.28362608,25.27537,33.20938,79.3,46.4,27.7,259.2
21-09-2021,5.414244652,24.43833,32.49967,80.3,29.5,14.8,275.5
22-09-2021,0,24.60238,31.78204,76,31.7,14.8,272.4
23-09-2021,0.272178382,24.76387,31.01326,83.9,30.6,13,256.3
24-09-2021,0,24.81846,32.73145,81.3,22,9.4,190.9
25-09-2021,0,25.29497,33.18067,81,31.7,11.2,237.2
26-09-2021,0,24.41514,31.88735,77.4,30.2,11.2,272.9
27-09-2021,72.81526947,24.7233,29.19597,93.9,46.4,27.7,261.7
28-09-2021,51.52974701,24.49866,31.00716,84.4,30.6,13,190.5
29-09-2021,5.820790291,24.5569,32.86774,79.9,25.2,14.8,287.8
30-09-2021,0,25.35048,32.88662,87.7,19.1,14.8,109.6
01-10-2021,31.84113312,26.29449,33.94209,86.2,22.7,11.2,82.9
02-10-2021,0.443304986,25.68468,33.74586,81.3,21.2,11.2,113.4
03-10-2021,0,25.97843,33.83518,79.3,20.2,7.6,129.8
04-10-2021,0.425299913,25.59387,34.08134,82.1,37.1,18.4,179.6
05-10-2021,31.21229553,25.35043,33.22461,80.1,26.6,13,62.2
06-10-2021,2.127840996,25.45126,32.3859,86.6,33.8,16.6,71.2
07-10-2021,6.062572002,25.23713,33.33239,83.2,22.3,11.2,88.7
08-10-2021,0.302420437,25.95353,33.93147,81.5,14.4,9.4,185
09-10-2021,0,24.90771,32.64814,79.1,24.1,13,286.3
10-10-2021,0,24.8941,33.01836,76.8,31.3,13,359.9
11-10-2021,0,24.77326,33.41946,74.4,18.7,11.2,52.7
12-10-2021,0,25.01842,33.42577,75.8,15.5,7.6,315.4
13-10-2021,0,25.07246,33.41148,80.9,24.8,9.4,260.4
14-10-2021,1.625451565,25.10601,33.7533,78.3,21.6,11.2,301
15-10-2021,0,24.93053,33.64819,82.5,23,13,277
16-10-2021,17.88476372,24.9323,31.9679,88.8,29.2,9.4,262.9
17-10-2021,0.185585439,25.05729,32.70053,85.7,24.8,9.4,99.3
18-10-2021,0.100525439,25.22956,33.50335,82.2,27.7,13,239.4
19-10-2021,0,25.40935,33.86062,80,23,9.4,260.9
20-10-2021,0,24.9869,33.36712,77.2,20.9,11.2,343.2
21-10-2021,0,25.01602,33.49675,78.6,19.1,13,292.5
22-10-2021,0,24.68406,33.55738,74.5,22,11.2,323.1
23-10-2021,0,24.15105,33.67247,78.2,46.4,27.7,38.1
24-10-2021,0,23.57386,32.2381,80.9,22.3,13,90.5
25-10-2021,0.937503278,23.16541,32.54728,75.1,21.2,13,87.6
26-10-2021,0,23.02997,32.60141,72.8,20.2,11.2,42.8
27-10-2021,0,22.17464,32.76509,72.3,25.9,9.4,25.7
28-10-2021,0,22.69333,31.78685,78.2,26.6,11.2,32.5
29-10-2021,7.166762829,22.9782,30.33194,87.1,37.1,13.9,77.3
30-10-2021,20.35123444,23.94044,31.63065,85.5,25.2,22.3,71.6
31-10-2021,0.110826246,24.11613,32.32383,81.3,26.3,11.2,54.1
01-11-2021,0.388215512,23.34532,29.24622,85.9,24.8,11.2,57.2
02-11-2021,4.773387432,23.27427,29.08611,89.9,28.4,14.8,64.7
03-11-2021,0.654562831,23.74748,29.96242,84.8,26.3,14.8,72.4
04-11-2021,0.174489439,23.80497,29.39796,85.8,37.1,24.4,64.1
05-11-2021,0,23.21923,30.33746,83.4,34.9,18.4,69.9
06-11-2021,0,23.09286,30.64018,80.1,33.5,16.6,72.6
07-11-2021,0,22.36349,29.11747,79.4,29.2,14.8,70.9
08-11-2021,0,20.89381,30.38532,71.5,27.7,14.8,70.6
09-11-2021,0,20.26275,29.84302,73.7,22.7,11.2,55.9
10-11-2021,0,20.41569,30.28051,71.7,28.4,14.8,61.6
11-11-2021,3.237139702,21.36922,28.08278,83.5,40,18.4,45.2
12-11-2021,23.57954788,22.81694,28.91881,91.7,33.1,14.8,54.9
13-11-2021,0.833508432,24.32932,30.04754,87.5,28.4,18.4,74.2
14-11-2021,2.425599337,24.03126,30.43702,83.6,37.1,22.5,78
15-11-2021,4.490179539,24.04877,30.92512,89.3,28.8,18.4,75.1
16-11-2021,5.42935276,24.16782,30.38898,86.1,46.4,18.4,79.5
17-11-2021,0.200453326,24.53294,30.42109,81.1,46.4,18.4,82.1
18-11-2021,0,24.0315,28.43153,78.4,42.8,18.4,65.7
19-11-2021,6.427511692,23.40454,27.40418,89.7,46.4,28.2,66.1
20-11-2021,8.933053017,23.43603,29.52791,86.5,37.1,18.4,92.8
21-11-2021,5.019337654,23.78056,30.07738,86.3,37.1,23.6,76.8
22-11-2021,32.89293289,24.01109,32.43338,82.9,19.4,18.4,96.4
23-11-2021,0,24.21357,32.7676,84.3,37.1,18.4,87.2
24-11-2021,9.67678833,24.45554,32.42447,83.3,28.8,18.4,80.5
25-11-2021,0,23.32469,31.51753,82.8,33.1,14.8,74.7
26-11-2021,0,21.74234,31.64806,77.6,26.6,14.8,48
27-11-2021,0,21.41197,29.69613,77.9,29.2,13,56.3
28-11-2021,0,21.87411,27.90252,81.3,25.9,18.4,57.8
29-11-2021,6.460916519,21.86052,27.86559,79.2,44.6,25.9,70.1
30-11-2021,0,21.79762,30.13963,76.5,26.6,14.8,81.1
01-12-2021,0,21.11936,30.2607,74.7,28.1,18.4,78.7
02-12-2021,0,20.68821,30.93842,72.5,37.1,18.4,78.6
03-12-2021,0,20.89188,30.23177,75.2,21.6,14.8,36.5
04-12-2021,0,19.84571,32.37804,73.4,31.3,14.8,316.9
05-12-2021,0,20.67238,32.59144,69.3,23.4,11.2,313.5
06-12-2021,0,21.17895,32.35572,74,19.4,11.2,338.2
07-12-2021,0,21.9293,32.29561,78,18.7,11.2,70.5
08-12-2021,0,21.59153,31.31371,74.3,40.7,22.3,76.9
09-12-2021,0,22.30775,29.74101,79,40.7,22.3,81
10-12-2021,0,22.1487,30.07237,77.4,37.1,18.4,79.2
11-12-2021,0,21.98645,31.19246,75.3,37.1,21.9,75.1
12-12-2021,0,21.94111,30.8546,76.8,37.1,18.4,79.8
13-12-2021,0,21.61831,29.77215,74.9,37.1,18.4,73.6
14-12-2021,0,21.29259,29.44755,77.2,37.1,18.4,72.5
15-12-2021,0,20.06901,28.81771,73.4,26.6,18.4,68.4
16-12-2021,0,18.47362,29.25735,74.7,24.8,13,50
17-12-2021,0,17.93879,29.25461,67.6,20.5,13,22.2
18-12-2021,0,16.69994,29.2053,65.3,22,14.8,62.2
19-12-2021,0,16.75484,29.2535,66.2,21.2,13,65.3
20-12-2021,0,17.45939,28.7616,66.9,17.6,13,13.8
21-12-2021,0,15.96445,29.02842,64.1,16.9,11.2,311.1
22-12-2021,0,15.4862,29.69256,65.9,15.8,13,57.6
23-12-2021,0,15.92463,30.77748,73,16.2,9.4,130.6
24-12-2021,0,17.09706,30.55009,80.5,22,11.2,123.4
25-12-2021,0,18.17536,30.52783,79.4,20.2,11.2,150.6
26-12-2021,0,19.12754,30.25606,79.6,21.2,9.4,118.7
27-12-2021,0,20.05221,29.38089,81.2,25.2,11.2,97.9
28-12-2021,0,19.32652,29.96932,82.5,28.8,11.2,95.8
29-12-2021,0,19.64909,29.87114,79,28.8,14.8,89.5
30-12-2021,0,19.9571,29.35053,80.1,46.4,22.3,78.5
31-12-2021,0.282506704,19.88152,29.39203,71.2,37.1,18.4,73.6
01-01-2022,0,20.07464,29.80036,75.1,32,18.4,83.4
02-01-2022,0,20.12306,29.64017,79.2,25.6,18.4,81.7
03-01-2022,0,19.40662,29.67369,75.5,23,11.2,71
04-01-2022,0,18.85432,29.31295,74.4,22.3,11.2,93.8
05-01-2022,0,18.6186,29.39765,75.1,23.8,14.8,94.3
06-01-2022,0,18.85123,29.60178,76.8,37.1,18.4,88.7
07-01-2022,0,19.2218,29.68038,77.5,37.1,18.4,90.8
08-01-2022,0,20.24482,29.63098,77.4,29.5,14.8,90.4
09-01-2022,0,20.44268,29.52865,78.2,29.9,14.8,96.6
10-01-2022,0,20.56193,29.64618,78.7,28.8,13,103.8
11-01-2022,0,21.01578,30.1549,82.3,27.7,14.8,94.1
12-01-2022,0,21.78806,28.79758,87.7,26.3,14.8,83.6
13-01-2022,21.09113884,21.39384,28.00725,90.5,30.6,14.8,79.4
14-01-2022,29.77363586,20.79609,28.63956,91.1,27.4,14.8,76.3
15-01-2022,1.979969382,21.32211,29.71103,83.2,23,18.4,74.8
16-01-2022,0.360336512,21.18579,28.03619,80.9,37.1,18.4,76.5
17-01-2022,0,20.82643,28.37793,79.2,37.1,23.6,76.2
18-01-2022,0,19.95486,29.46569,75,10.4,11.2,49.1
19-01-2022,0,19.13101,29.8851,74.9,12.6,11.2,112
20-01-2022,0,18.63263,30.79858,74.1,9,9.4,154.8
21-01-2022,0,19.44904,31.64403,75.9,24.8,13,215.1
22-01-2022,0,19.79032,31.76735,77.7,20.9,9.4,170.7
23-01-2022,0,21.23139,31.47999,80.6,22.7,11.2,184.4
24-01-2022,0.56859082,20.34775,30.01096,75.6,11.9,9.4,256.9
25-01-2022,0,18.94291,29.39826,61.6,25.6,9.4,335.7
26-01-2022,0,19.36714,28.40015,76.9,26.3,11.2,76.3
27-01-2022,0.133865967,19.63182,28.89123,69,18.7,14.8,32.3
28-01-2022,0,17.3487,29.14635,62.1,19.8,11.2,42.8
29-01-2022,0,15.65742,29.54099,74.3,14,13,70.1
30-01-2022,0,16.64534,30.9309,69.6,11.9,13,328.6
31-01-2022,0,16.6992,31.32225,74.7,9,9.4,73.3
01-02-2022,0,18.04078,31.53447,78.7,25.2,7.6,153.6
02-02-2022,0,18.60806,31.83692,73.7,31,11.2,139.1
03-02-2022,0,19.67011,31.05087,75.8,23.8,11.2,129.8
04-02-2022,0,20.69765,30.76311,73.9,24.1,14.8,200.3
05-02-2022,0,17.68504,31.22351,67.7,10.1,9.4,302.3
06-02-2022,0,18.40622,30.69551,69.9,37.1,14.8,84.5
07-02-2022,0,19.95763,31.1514,73.5,29.5,13,93.6
08-02-2022,0,20.3129,31.18655,74.2,28.1,12.6,99.4
09-02-2022,0,21.12132,29.86877,74.4,40.7,18.4,105.7
10-02-2022,0,20.02208,30.8014,73,24.1,13,98.5
11-02-2022,0,19.81691,31.19502,69.2,26.6,13,72.3
12-02-2022,0,19.59566,31.1883,70.6,34.2,11.2,44.6
13-02-2022,0,18.9992,31.07434,76.7,35.3,11.2,87.8
14-02-2022,0,19.47887,30.74669,69.5,36,13,86.6
15-02-2022,0,19.94257,30.56469,70,28.8,13,87
16-02-2022,0,20.1948,30.53795,74.6,33.1,11.2,102.8
17-02-2022,0,20.40163,30.5232,71,28.4,9.4,101.5
18-02-2022,0,20.89856,30.85011,75.1,32.8,18.4,86.1
19-02-2022,0,20.66466,31.80433,73.2,29.2,9.4,115.8
20-02-2022,0,20.46286,33.35273,71.6,36.7,9.4,203.2
21-02-2022,0,20.99737,33.58462,72.9,36,7.6,157.9
22-02-2022,0,20.71992,33.51799,74.3,29.9,11.2,125.9
23-02-2022,0,22.20429,32.30896,72.6,31.7,11.2,114
24-02-2022,0,21.15672,32.99641,73.9,28.4,7.6,137.5
25-02-2022,0,20.93773,32.40285,68.3,32.4,19.4,127.7
26-02-2022,0,20.17377,32.24924,69.2,29.9,13,102.1
27-02-2022,0,20.94013,32.32192,65.3,36,13,86
28-02-2022,0,19.92994,33.24702,62,30.6,7.6,91.9
01-03-2022,0,19.42705,33.8081,60,34.6,13,107.7
02-03-2022,0,19.42732,33.63145,65.7,30.2,11.2,88.5
03-03-2022,0,20.43313,33.17748,69.6,43.9,22.3,81.2
04-03-2022,0,20.44715,33.69052,67.2,40.7,23.4,77.1
05-03-2022,0,20.66139,33.75038,60,37.8,18.4,83.2
06-03-2022,0,21.49469,33.03738,66.5,34.9,13,95.7
07-03-2022,0,21.44493,33.52382,59.7,37.1,18.4,109.4
08-03-2022,0,22.0229,34.22844,64.9,28.4,9.4,165
09-03-2022,0,21.80505,34.71107,63.3,28.8,13,150.2
10-03-2022,0,22.27748,35.29236,60.2,31.7,19.8,108.5
11-03-2022,0,22.22888,34.70927,56,31.3,13,102.5
12-03-2022,0,21.95724,34.90431,54.6,29.5,9.4,158
13-03-2022,0,21.8534,35.45566,53.6,31,9.4,156.2
14-03-2022,0,21.56145,35.92857,55.3,30.2,14.8,205.5
15-03-2022,0,20.64932,36.71083,56.9,31.7,9.4,177.8
16-03-2022,0,21.25461,37.19083,58.9,33.8,11.2,208.9
17-03-2022,0,21.86319,37.51249,63.1,33.1,9.4,175.4
18-03-2022,0,22.9184,35.76031,67.7,31.3,13.3,113.3
19-03-2022,0,23.71775,34.8091,65.2,30.2,20.2,167.2
20-03-2022,0,24.68102,35.22264,73.2,28.1,9.4,159
21-03-2022,0,25.80038,36.39968,72.3,37.1,18.4,126.4
22-03-2022,0,25.77518,35.91879,69.4,26.3,11.2,177
23-03-2022,0,25.57721,35.61674,74.9,29.2,15.5,127.3
24-03-2022,0,25.69462,34.9562,74.6,28.4,16.6,171.3
25-03-2022,0,25.19786,34.91798,70.2,33.8,16.9,182.3
26-03-2022,0,24.94474,35.74109,72.9,34.9,18.4,179.8
27-03-2022,0,25.54444,35.97264,72.6,34.9,18.4,183.9
28-03-2022,0,25.40408,36.55685,72.5,33.8,11.2,197.2
29-03-2022,0,25.60251,37.18742,73.4,30.2,14.8,179.3
30-03-2022,0,25.60613,37.39572,73.9,31,18.4,182.7
31-03-2022,0,26.24297,36.76763,72.2,32,14.8,177.7
01-04-2022,0,25.88506,36.00956,76.3,33.5,18.4,172.3
02-04-2022,0,25.68461,35.05488,73.5,30.2,18.4,182
03-04-2022,0,25.24449,35.45088,70.5,34.2,18.4,183.9
04-04-2022,0,24.99501,35.34148,73.9,32.8,17.3,179.4
05-04-2022,0,25.36719,34.85329,71.3,31,14.8,174.8
06-04-2022,0,24.74175,35.68518,66.4,33.1,19.8,186.8
07-04-2022,0,24.64959,36.24916,67.7,29.5,14.8,144.7
08-04-2022,0,24.78033,35.66307,67,28.4,13.3,147.8
09-04-2022,0,25.5101,35.31901,69.7,25.9,14.8,153.3
10-04-2022,0,25.86345,35.68281,71.1,31.3,13,173.5
11-04-2022,0,25.2691,35.49298,67.2,25.6,12.6,171.5
12-04-2022,0,25.50667,36.21703,67.7,28.4,12.2,163.3
13-04-2022,0,25.94693,36.34513,69.2,33.8,15.1,161
14-04-2022,0,26.03316,36.62255,68.7,30.2,15.1,180.2
15-04-2022,0,26.60721,36.29844,70.1,30.2,11.9,179.6
16-04-2022,0,26.57253,36.6451,70.8,28.4,13,168.1
17-04-2022,0,27.20876,36.23724,69.5,49.7,16.6,167
18-04-2022,0,27.09365,37.25972,64.1,28.8,16.6,191.3
19-04-2022,0,26.14496,37.51695,66.9,55.4,37.1,177.4
20-04-2022,0,26.43196,37.94556,65.5,37.1,18.4,176.7
21-04-2022,0,26.69433,36.98028,67.5,33.1,14.8,174
22-04-2022,0,26.15661,36.23026,70.1,33.8,18.4,159.4
23-04-2022,0,25.70836,36.4121,68.9,32,16.6,189.3
24-04-2022,0,26.41024,37.76847,63.6,30.2,18.4,225.7
25-04-2022,0,26.71161,38.65926,64.2,24.8,22.3,190.6
26-04-2022,0,26.60099,38.44532,63.2,33.8,16.2,201.6
27-04-2022,0,26.57447,38.48822,65.3,31,9.4,192.6
28-04-2022,0,27.15096,38.47089,63.8,32.4,15.1,184.3
29-04-2022,0,26.14779,39.15618,65.8,37.4,18.4,190.2
30-04-2022,0,27.42323,40.16032,65.9,32.8,11.9,190.8
01-05-2022,0,27.22067,39.81867,70.7,37.1,18.4,153.8
02-05-2022,0,27.79862,39.1889,67.7,52.2,21.2,143
03-05-2022,0,28.59708,38.41331,69.5,50,18.4,153.4
04-05-2022,0,25.68724,35.46114,68.7,40.7,22.3,161.9
05-05-2022,0,26.13473,37.73961,64.9,41,15.8,194.2
06-05-2022,0,27.47219,38.24215,67.5,64.8,46.4,137.3
07-05-2022,7.922672749,26.38756,38.81005,65.3,45.7,14.8,168.3
08-05-2022,0,27.99304,38.13506,66.9,43.6,24.5,83.8
09-05-2022,2.523871899,27.14485,38.18437,59.4,50.8,24.5,51.7
10-05-2022,0,27.74005,34.88571,61.1,55.4,37.1,48.2
11-05-2022,4.24533844,25.50274,29.83917,84.5,74.2,37.1,36.9
12-05-2022,3.866366863,24.76726,31.67985,78.6,50.4,26.6,85.9
13-05-2022,0,25.21662,35.24594,73,24.1,14.8,88.8
14-05-2022,0,26.45626,37.06412,69.1,28.4,13,116.7
15-05-2022,0,27.03095,37.24431,71.2,28.4,18.4,115.4
16-05-2022,0,26.74147,37.10482,69.6,25.2,14,116.1
17-05-2022,0,27.4052,36.50101,67.1,25.2,15.8,142.3
18-05-2022,0,28.01032,35.88299,67.6,27.4,16.2,145.6
19-05-2022,1.963610411,26.43778,34.79055,71.7,24.8,16.6,146.2
20-05-2022,0.568930388,26.48705,35.28615,69.5,35.6,16.2,173.1
21-05-2022,0,25.78231,36.78934,57.6,44.6,19.4,241.8
22-05-2022,0,27.17246,38.7595,45.9,51.8,33.5,270.2
23-05-2022,0,28.02352,39.67287,44,49,27.7,270.4
24-05-2022,0,28.50285,40.01144,45.6,47.2,18.4,253
25-05-2022,1.74396503,27.22609,37.55123,66.4,42.1,17.3,167.7
26-05-2022,0,28.17694,39.54749,61.8,40,18.4,202.5
27-05-2022,0,27.00553,37.59998,56.1,37.1,23.7,240
28-05-2022,0,27.7097,40.23905,45.1,37.1,23.4,269.6
29-05-2022,0,28.16699,41.02147,43.9,42.1,22.3,257.2
30-05-2022,0,28.80671,40.88327,46.4,37.1,20.9,260.4
31-05-2022,0,28.41416,40.54642,43.8,40.7,22.3,271.7
01-06-2022,0,27.66823,40.21002,44.7,47.2,23.7,302.4
02-06-2022,0,29.58325,41.87048,46.4,48.2,18.4,243.5
03-06-2022,0,28.31492,41.27378,46.1,41.8,24.1,245.5
04-06-2022,0,29.07546,41.49042,52.5,50,24.1,228
05-06-2022,0,29.7574,40.89011,65.5,61.2,37.1,97.4
06-06-2022,0.517189086,26.24211,35.23105,70.3,37.1,18.4,247.3
07-06-2022,0,26.99864,40.46884,56,41.4,19.4,217.1
08-06-2022,0,28.78226,40.09689,42.9,56.5,27.4,269.6
09-06-2022,0,28.57721,39.9095,45.2,46.8,19.8,266
10-06-2022,0,29.349,39.94517,50.5,46.4,27.7,262.6
11-06-2022,0,27.31631,39.45967,48.3,46.4,27.7,244.9
12-06-2022,0,27.8753,38.72887,54.1,37.1,17.6,246.7
13-06-2022,3.20074439,26.83734,38.1368,68.4,23.8,16.6,280.2
14-06-2022,0.487133175,26.61911,39.14935,54.8,37.1,19.8,305.1
15-06-2022,0.164955318,25.91439,35.7416,60,37.1,18.4,273.7
16-06-2022,0,26.44232,35.17546,73,24.5,14.8,155.4
17-06-2022,3.328412771,26.52637,36.0733,69.7,28.4,15.1,141.5
18-06-2022,6.196504116,27.25316,35.48759,70.6,24.1,15.1,164.9
19-06-2022,0.812725782,27.14656,35.03926,76.1,28.4,15.5,167.2
20-06-2022,1.785506487,26.84874,35.91616,68.1,37.1,18.4,225.6
21-06-2022,7.534170628,25.91977,33.69092,74.5,30.6,11.9,224.7
22-06-2022,0,25.25036,33.68744,71.4,23.4,11.2,298.2
23-06-2022,0,25.49844,35.74163,62.2,32,16.6,218.6
24-06-2022,7.540041924,27.11099,34.18061,68.3,30.6,18.4,234.5
25-06-2022,16.50095749,26.21599,34.18917,70.1,29.5,13,237.4
26-06-2022,0.151210219,26.1692,33.43389,69.6,37.1,18.4,274.7
27-06-2022,8.251643181,24.83328,31.88192,87.5,41,13,226.8
28-06-2022,1.107415795,24.54775,31.87839,86,41,14,228.9
29-06-2022,0.469099701,24.98144,34.71115,74.2,31.3,16.6,255.2
30-06-2022,0.510359943,26.02104,35.00081,68.2,22,18.4,243.7
01-07-2022,0.453630656,25.48219,35.48038,66.8,40.7,23.4,276.3
02-07-2022,0.970823348,26.0146,34.07167,62.6,46.4,27.7,291.6
03-07-2022,25.65446091,25.41228,32.66386,77.7,20.9,11.2,332.9
04-07-2022,9.965389252,24.82573,32.03909,81.7,41.8,18.4,283
05-07-2022,0,25.64747,33.47173,79.9,43.6,18.7,238.8
06-07-2022,14.35475636,24.22034,30.31667,80.8,46.1,24.2,267.7
07-07-2022,0,25.39902,31.67856,80.6,46.1,22.3,256.2
08-07-2022,11.32590008,24.56347,27.54696,89.8,46.8,27.7,273.8
09-07-2022,31.81001663,23.5903,28.01515,87.1,53.6,24.8,262.5
10-07-2022,13.94561195,23.47665,28.02324,85.3,74.2,46.4,269
11-07-2022,4.041436195,24.34354,28.05868,81.7,64.4,29.5,267.9
12-07-2022,11.42383194,23.81293,27.1158,90.8,70.2,37.1,267.2
13-07-2022,3.606572628,23.57262,27.95936,78.1,72.4,37.1,263.9
14-07-2022,0.403104752,24.01566,30.69432,78.6,63,33.7,275.7
15-07-2022,0.923551917,25.06819,33.4477,67,46.4,28.8,267.7
16-07-2022,0,25.69782,33.33585,66.7,55.4,37.1,275.8
17-07-2022,0,25.22537,30.59208,77.1,41.4,18.4,277.9
18-07-2022,21.50398254,24.24456,30.79934,86.8,37.8,14.8,238.1
19-07-2022,1.936087251,24.39611,34.5217,71.3,24.5,18.4,267.4
20-07-2022,0.136089191,26.10517,34.89564,74.4,20.5,14.8,263.1
21-07-2022,0.435943335,25.74073,33.94822,74.8,30.6,33.3,312.4
22-07-2022,4.197154522,25.05054,28.66363,90.1,40,26.5,266.7
23-07-2022,43.40892029,23.84242,30.27141,83.6,38.2,18.4,273.3
24-07-2022,3.141548157,24.88775,31.93306,77.2,40.7,22.3,263.9
25-07-2022,0,24.80938,33.09473,77.8,27.7,13,285.6
26-07-2022,0.62475723,24.40108,29.56802,88.8,13,11.2,254.1
27-07-2022,2.488249063,24.68988,33.31618,78.1,21.6,13,90.4
28-07-2022,0,25.35467,34.22878,76.6,23.8,9.4,144.6
29-07-2022,0,25.89674,34.50754,76,23.4,12,215.8
30-07-2022,0,25.52041,34.6769,79.4,18.4,11.2,196.8
31-07-2022,0.997436106,26.08316,35.14619,76.9,19.8,9.4,181.9
01-08-2022,0,26.14906,34.86777,75.7,19.8,13,199.6
02-08-2022,1.512102127,25.61912,34.39149,77,18,16.3,269.4
03-08-2022,32.23832321,24.92197,33.41169,81.5,24.8,11.2,142.5
04-08-2022,0,25.50368,32.7136,81.6,24.8,11.2,110.6
05-08-2022,0.329220593,25.60539,32.25062,85.6,9.4,14.4,207.3
06-08-2022,7.10758543,25.04334,31.82972,83.1,37.1,18.4,265.5
07-08-2022,0.984220982,24.67557,29.84357,88.6,45.7,18,260
08-08-2022,23.42936897,24.14968,29.44152,88.3,56.5,37.1,262.3
09-08-2022,5.843174458,24.59756,30.11643,82.7,50.4,18.4,244.3
10-08-2022,0,25.0115,32.4709,70.8,46.4,27.7,239.5
11-08-2022,0,25.51763,33.12833,67.2,50,23,245.4
12-08-2022,0.661883056,25.80843,33.74098,66.2,45.7,20.5,266
13-08-2022,0,25.84544,32.96173,65.4,50.4,24.6,274.9
14-08-2022,2.387132883,25.06464,28.67993,81.8,46.4,27.7,267.7
15-08-2022,0.221652493,25.01093,30.6697,79.1,36.4,14.8,255.4
16-08-2022,6.707404613,24.957,34.24299,84.5,46.4,18.4,200.6
17-08-2022,10.73194218,25.42529,34.60074,78.3,37.1,18.4,220.9
18-08-2022,21.23153305,25.9074,34.49139,73.5,33.8,20.5,298
19-08-2022,4.826883316,26.17569,32.68095,78.7,38.5,22.7,284.9
20-08-2022,0,26.31962,34.0065,72.6,44.6,18.4,271.1
21-08-2022,0,25.79254,34.09446,70.9,41.4,24.5,269.4
22-08-2022,0,26.40258,34.41899,68.4,41,18.4,271.6
23-08-2022,0,25.82061,33.57323,70.3,37.1,18.4,261.3
24-08-2022,0,24.98785,33.06463,81.4,37.1,13,275.9
25-08-2022,0,25.47932,34.65117,73.8,14.8,13.3,305.5
26-08-2022,7.358502388,24.63584,34.06217,76,15.8,14.8,323.1
27-08-2022,0,25.26666,33.6038,73.2,16.6,18.4,279.6
28-08-2022,0,24.91653,33.11378,84.3,13.7,9.4,235.1
29-08-2022,15.33773232,25.47789,32.63374,81,23,13,79.3
30-08-2022,0.517189086,25.32578,33.37453,81,24.5,13,92.3
31-08-2022,0,26.0558,33.37971,82.8,19.8,11.2,112.1
01-09-2022,0,25.77122,33.50403,78.7,24.5,11.2,100.6
02-09-2022,0,25.57556,32.96054,84,23.4,14.8,84.6
03-09-2022,3.657966137,25.80514,34.46895,75.2,23.4,9.4,157.2
04-09-2022,0,26.02846,33.60845,76.7,22.7,9.4,176.3
05-09-2022,16.49337578,25.66229,34.39219,81.5,10.8,11.2,227.9
06-09-2022,2.784974813,26.38028,34.23846,82.3,13.3,9.4,178.9
07-09-2022,0,25.53867,31.44745,89.2,23.4,9.4,242.4
08-09-2022,3.315649986,24.56526,29.07704,93.3,16.9,11.2,272
09-09-2022,4.401758194,24.94485,30.01374,95.1,18.7,9.4,261.8
10-09-2022,7.291849613,24.70431,30.0351,94.3,31,13.7,271.5
11-09-2022,42.77798843,24.54802,29.66708,85,46.1,22.3,252
12-09-2022,0.147768319,24.53278,31.42234,80,42.8,19.1,223.4
13-09-2022,0,24.80536,32.17648,78.1,31.3,11.2,211.6
14-09-2022,0,25.1943,31.96026,83.9,31.3,11.2,203.5
15-09-2022,0,24.81822,31.74848,82.6,21.6,13,222.3
16-09-2022,0,25.34162,33.6926,74.5,41.4,18.4,271.1
17-09-2022,0,25.61427,33.99729,72.3,38.5,16.6,274
18-09-2022,0,25.3189,33.92689,73.9,37.4,18.4,294.3
19-09-2022,0.221652493,25.92769,30.14846,93.4,40.7,15.5,305.8
20-09-2022,5.717009068,24.54191,31.52009,80.7,37.1,23.5,286.6
21-09-2022,0,24.87486,33.08358,76.9,29.9,14.8,267.1
22-09-2022,0,25.32755,31.26988,80.2,28.8,14.8,276.6
23-09-2022,0.258594543,24.14517,33.32483,76.6,37.1,20.5,286.3
24-09-2022,0,24.52198,33.47541,71.5,29.9,18.4,304.1
25-09-2022,0,24.97433,34.32112,73.5,14.4,14.8,333.3
26-09-2022,0,25.11833,33.30039,83.5,11.5,11.2,56.7
27-09-2022,0,24.45121,33.44885,82.6,7.2,11.2,319.3
28-09-2022,3.520741701,25.21285,32.86538,85.3,37.1,18.4,19.4
29-09-2022,1.245409727,24.56211,31.37673,81.8,20.5,11.2,317
30-09-2022,0,24.27695,29.62988,89.5,21.2,11.2,291.7
01-10-2022,2.900918245,24.01693,29.39253,86.6,31.7,11.2,288.6
02-10-2022,0.27064541,23.65983,32.11113,77.8,29.5,13,289.6
03-10-2022,0,24.54194,31.96674,74.1,35.6,13,316
04-10-2022,0,24.99628,30.84338,80.5,16.9,11.2,313.7
05-10-2022,0.881410599,25.51158,31.26385,89.4,19.1,13,69.3
06-10-2022,25.62403297,24.14601,28.81639,94.7,37.1,18.4,128.5
07-10-2022,24.33392143,24.17651,30.3562,91.4,33.8,11.2,122.8
08-10-2022,1.884045959,24.77963,31.14665,84.4,19.1,14.8,77.5
09-10-2022,0,24.2795,29.48989,87.5,33.8,16.6,60.7
10-10-2022,10.63622093,24.3453,30.17881,94.6,23.8,11.2,75.3
11-10-2022,0.923551917,24.11092,31.07427,90.7,19.8,11.2,84.1
12-10-2022,6.999978065,24.64744,31.73738,87.2,10.8,11.2,94
13-10-2022,1.034378171,24.41463,31.62244,82.3,13.3,9.4,98.9
14-10-2022,18.95870209,24.49685,29.85674,90.1,17.3,9.4,244.6
15-10-2022,13.40982819,24.25413,28.30921,91.7,29.5,11.2,37.4
16-10-2022,12.40871143,24.22051,30.69245,87.8,24.5,13,75.9
17-10-2022,4.506064415,24.65737,32.45266,82.7,18,11.2,83
18-10-2022,0.295536637,24.38884,32.65106,81.6,10.4,11.2,26.8
19-10-2022,11.49591923,24.67409,32.28189,85.4,15.8,11.2,47.9
20-10-2022,1.73627758,24.12727,32.16928,82.1,23,11.2,82.2
21-10-2022,0,25.06077,32.3257,80.2,23.4,18.4,78.3
22-10-2022,0,23.2307,31.59933,73.3,19.8,14.8,8
23-10-2022,0,21.4808,32.21457,71.4,29.9,14.8,325.5
24-10-2022,0,20.16098,32.30823,66.7,24.5,14.8,305.5
25-10-2022,0,19.91448,32.59567,65.5,9.4,11.2,291.8
26-10-2022,0,20.62149,32.87136,70.1,13.7,13,60.3
27-10-2022,0,21.74391,32.2462,73.7,15.1,13,73.3
28-10-2022,0,22.20433,31.54199,75.8,12.2,13,58.2
29-10-2022,0,22.26041,31.5184,73.3,22,14.8,51.3
30-10-2022,0,20.44706,31.50093,61.1,19.4,13,13
31-10-2022,0,20.51271,30.53153,73.3,14.8,13,55.6
01-11-2022,3.51941967,22.20508,27.36214,85,18.7,9.4,50.2
02-11-2022,0.263580173,22.89345,29.18505,83,11.9,59.4,76.7
03-11-2022,0,22.51112,30.84341,84,14.8,11.2,66.7
04-11-2022,0,23.33175,32.16012,81.7,16.6,14.8,63.9
05-11-2022,0.339515597,23.09502,32.00605,83.6,15.8,11.2,77.9
06-11-2022,0,22.34466,31.94195,79,14.8,13,83.1
07-11-2022,0,21.84841,32.36569,77,13.3,11.2,81
08-11-2022,0,21.60504,32.26833,76.4,15.1,9.4,70.1
09-11-2022,0,21.24864,32.05223,74.4,21.6,13,69.8
10-11-2022,0,21.49959,31.27374,71.2,34.2,16.6,57.1
11-11-2022,0,21.70675,30.8851,68.1,36.4,18.4,56.3
12-11-2022,0,21.80919,31.20538,71.5,39.6,18.4,61.8
13-11-2022,0,22.71007,30.68139,73.4,27.7,18.4,62.4
14-11-2022,0,22.129,30.84262,74.8,20.2,14.8,83.6
15-11-2022,0,21.16818,31.0907,74.2,16.6,11.2,23.3
16-11-2022,0,19.2955,31.29109,67.5,15.8,9.4,338.2
17-11-2022,0,18.57767,31.61198,63.5,19.1,14.8,29.6
18-11-2022,0,18.77325,30.4244,67.5,19.4,13,30.1
19-11-2022,0,19.65737,30.44279,62.5,21.6,14.8,21.1
20-11-2022,0,18.25721,28.88424,61,23.8,13,4.8
21-11-2022,1.115287185,20.01488,26.09271,78.7,22.3,13,320.8
22-11-2022,0.588900864,21.53106,29.77753,79.9,37.1,18.4,32.7
23-11-2022,1.369027376,22.76333,30.86779,80.4,37.1,18.4,66.6
24-11-2022,0,23.14729,31.75006,82.1,23.8,9.4,87.7
25-11-2022,0,23.03641,31.38566,83.8,17.3,9.4,101.8
26-11-2022,6.748998165,21.86752,31.56791,80.3,19.1,9.4,69.2
27-11-2022,0,20.21631,31.07537,76.4,11.2,11.2,0.7
28-11-2022,0,19.45392,30.96341,72.2,10.4,11.2,53.5
29-11-2022,0,18.64138,30.96601,72.2,12.6,10.1,74.4
30-11-2022,0,18.67658,30.9301,74,11.2,11.2,53.3
01-12-2022,0,20.93874,31.74637,76.1,12.2,14.8,74.3
02-12-2022,0,22.15507,31.95531,78.9,23.4,23.4,74.8
03-12-2022,0,22.89848,31.72697,81.8,23.4,13,79.8
04-12-2022,0,22.886,31.64312,83.1,18.4,11.2,76.8
05-12-2022,0,21.79368,31.11764,83.7,22.7,11.2,71.5
06-12-2022,0,19.96651,30.63456,76,17.6,9.4,41.4
07-12-2022,0,18.87946,30.16356,69.8,20.9,18.4,48.7
08-12-2022,0,17.93916,29.60545,60.2,32,14.8,46.8
09-12-2022,0,19.20485,26.99858,69,49.3,17.3,43.6
10-12-2022,11.50544834,19.21389,26.43498,81.9,50.8,27.7,61.5
11-12-2022,16.0256443,21.29165,27.957,85.6,47.2,26.9,73.7
12-12-2022,1.997373939,21.84074,28.56746,82.4,28.8,22.3,75.8
13-12-2022,0.100399479,22.90285,30.4039,84,21.6,18.4,84.8
14-12-2022,2.9355793,22.40479,31.45576,78.9,26.3,11.2,94.7
15-12-2022,0,21.23347,31.62044,72.5,24.1,7.6,108.9
16-12-2022,0,20.63756,32.19384,73.1,20.5,9.4,140
17-12-2022,0,22.14565,31.47566,80.6,23,7.6,87.6
18-12-2022,0,21.7127,30.46825,80.8,24.1,14.8,77.5
19-12-2022,0,19.20759,30.5422,70.7,27,11.2,72.9
20-12-2022,0,18.64981,30.7661,73.9,26.3,14.8,65.9
21-12-2022,0,18.87134,30.10921,74.6,15.5,18.4,62.9
22-12-2022,0,19.15925,30.41657,76.6,23,13,59.3
23-12-2022,0,17.74818,30.93411,73.3,26.6,18.4,61.9
24-12-2022,0,18.48185,30.94035,74.1,30.6,23.5,62.4
25-12-2022,0,20.00688,31.01537,75.3,33.1,18.4,69.6
26-12-2022,0,22.08999,30.53995,77.1,31.3,14.8,80.7
27-12-2022,0,23.07188,32.10218,82.7,24.1,13,81.1
28-12-2022,0.308859885,22.41353,32.98175,78.3,24.5,11.9,181.3
29-12-2022,0,22.34736,32.69785,79,21.2,9.4,171.7
30-12-2022,0,22.01066,32.49254,78,18.4,9.4,149.5
31-12-2022,0,21.46162,32.19183,79.6,29.2,8.6,138.9
01-01-2023,0,21.30771,31.85179,78.9,23.8,9.4,126.9
02-01-2023,0,21.30491,31.40463,78.6,13.7,11.2,106.9
03-01-2023,0.008309022,21.37069,30.66976,74.7,25.2,9.4,102.1
04-01-2023,0,21.16331,30.41058,78,32.4,13,83.4
05-01-2023,0.265692264,21.19436,29.07397,81.9,29.5,26.5,64.7
06-01-2023,0,20.95666,28.78456,77.4,26.6,14.8,65.6
07-01-2023,0,20.30876,29.09082,72.8,12.6,11.2,27.9
08-01-2023,0,16.329,29.52048,68.4,12.6,11.2,40.8
09-01-2023,0,14.742,29.90844,69.3,10.4,13,77.8
10-01-2023,0,15.88473,30.65643,70.8,10.4,9.4,103.2
11-01-2023,0,16.5026,31.10158,72.7,9.4,9.4,202.2
12-01-2023,0,17.32514,30.92555,78,16.6,9.4,179
13-01-2023,0,17.32057,31.02493,76.1,25.9,11.2,145.6
14-01-2023,0,18.25411,31.46911,73.1,15.1,9.4,133.6
15-01-2023,0,18.32227,31.18948,75,23.8,11.2,152.9
16-01-2023,0,18.36879,31.13371,77.4,28.1,11.2,139.3
17-01-2023,0,18.50421,30.56397,77.5,27.7,11.2,145.2
18-01-2023,0,18.27618,30.88328,75.4,29.5,11.2,132
19-01-2023,0,18.54918,30.41208,76.4,28.8,9.4,108.7
20-01-2023,0,18.67047,30.18311,75.6,28.4,11.2,82.8
21-01-2023,0,19.93345,30.6248,78.5,31.7,11.2,87.5
22-01-2023,0,19.63391,30.04095,79.5,29.5,13,72.6
23-01-2023,0,19.67732,29.81915,77.2,37.1,24.4,78
24-01-2023,0,19.43506,30.58254,75,26.3,13,83.1
25-01-2023,0,19.43735,30.28842,78.3,27.7,11.2,80.6
26-01-2023,0,18.01046,31.06623,73.3,24.5,11.2,80.7
27-01-2023,0,18.01859,31.51131,73.5,27,13,76.7
28-01-2023,0,17.79665,31.93351,67.9,28.1,14.8,82.6
29-01-2023,0,18.79536,31.12689,76.8,37.1,18.4,79.8
30-01-2023,0,21.31355,30.6307,76.9,37.1,24.6,66.2
31-01-2023,0,20.63649,31.19316,75,34.2,18.4,77.2
01-02-2023,0.184065715,20.83002,31.26027,64.6,38.2,18.4,75.7
02-02-2023,0,19.72854,30.82723,64.1,38.5,13,61.6
03-02-2023,0,18.81989,31.55209,68.1,33.8,14.8,70.9
04-02-2023,0,19.16345,32.24915,72.3,22.7,11.2,90.7
05-02-2023,0,19.25873,32.19461,72.6,24.8,11.2,99.3
06-02-2023,0,19.73239,31.90272,75.1,25.6,9.4,111.8
07-02-2023,0,20.53646,31.81432,75.5,27,11.2,141.3
08-02-2023,0,20.89703,32.53407,74.5,27.4,7.6,136.8
09-02-2023,0,20.43892,33.2341,72.7,32.8,9.4,149.8
10-02-2023,0,20.01356,33.53076,69.8,33.5,6.5,145.2
11-02-2023,0,19.70127,34.21284,73.2,33.1,9.4,167.8
12-02-2023,0,20.39195,34.58331,68.7,24.1,9.4,201.4
13-02-2023,0,19.90935,34.01762,66.4,26.6,14.8,73.4
14-02-2023,0,18.17343,33.60757,68.4,13,7.6,16.7
15-02-2023,0,17.93186,34.07435,70.1,22.3,11.2,63.7
16-02-2023,0,18.91848,33.3628,71.8,30.2,8.3,166
17-02-2023,0,19.47264,32.37397,73.7,30.2,11.2,164.5
18-02-2023,0,20.00668,32.07197,74.3,31,9.4,126.4
19-02-2023,0,20.85682,32.27157,71.2,28.8,9.4,150
20-02-2023,0,20.58627,33.3938,67.4,33.8,11.2,188.3
21-02-2023,0,21.00898,34.68699,68.1,32.8,9.4,170.6
22-02-2023,0,20.80973,35.03017,68.6,32.8,7.6,178.9
23-02-2023,0,20.93668,34.44167,70.4,32.4,9.4,196.9
24-02-2023,0,20.31838,34.83481,70.9,31.7,9.4,202.5
25-02-2023,0,20.57562,34.69302,68.5,32,7.2,159.9
26-02-2023,0,20.63025,34.0308,62.7,35.3,9.4,113.8
27-02-2023,0,19.99068,33.20533,61.9,31,9.4,136.3
28-02-2023,0,19.42469,33.34935,61.7,31.3,13,101.4
01-03-2023,0,20.02903,33.05404,62.9,35.6,13,90
02-03-2023,0,19.47873,34.03842,58.2,32.8,7.6,211.4
03-03-2023,0,19.23228,34.96194,50.5,36.7,11.2,93.9
04-03-2023,0,20.00208,34.9085,48.2,37.4,11.2,91.5
05-03-2023,0,20.17781,35.04115,58,33.8,9.4,197.1
06-03-2023,0,19.96547,34.95392,60.2,32.8,11.2,198.7
07-03-2023,0,20.11238,32.93517,61,33.1,11.2,242.9
08-03-2023,0,20.69737,33.69036,56.5,39.6,15.2,90.5
09-03-2023,0,20.56027,33.215,62.3,33.8,9.4,77
10-03-2023,0,20.97027,34.34658,62.4,37.4,11.2,107
11-03-2023,0,21.31854,33.39594,66.5,36.4,14.8,86.6
12-03-2023,0,20.84615,34.06979,62.5,35.6,11.2,85
13-03-2023,0,20.08883,35.29383,57.5,33.8,11.2,98.3
14-03-2023,0,20.55005,35.11202,60.6,34.9,14.8,101.2
15-03-2023,0,21.1511,33.41269,71,31,13,92.5
16-03-2023,0,23.36221,32.72319,74.4,36,11.2,133.6
17-03-2023,6.777051449,20.93718,28.59556,78,26.3,16.6,71.4
18-03-2023,0.133635566,20.96623,30.15236,82.5,46.4,27.7,97.2
19-03-2023,26.52818871,20.14544,29.74923,78.3,37.1,18.4,63
20-03-2023,0.263580173,21.05777,31.80389,75.8,28.1,14.8,132.3
21-03-2023,0,22.14855,32.97134,74.9,37.1,18.4,118.3
22-03-2023,0,23.35927,34.03065,73.2,25.6,14.8,166.2
23-03-2023,0,23.98229,34.15772,74.6,37.1,18.4,146.4
24-03-2023,4.333722115,24.18374,34.00092,75,64.8,46.4,130.2
25-03-2023,0,25.01696,33.72231,75.3,46.4,27.7,132.5
26-03-2023,4.333722115,24.62397,34.01061,74.4,24.8,18.4,139.2
27-03-2023,0,25.03629,35.34991,74.3,27.4,11.2,173.8
28-03-2023,1.235439539,24.88673,35.18774,74.4,42.8,17.3,170
29-03-2023,0,24.95698,34.69964,71.9,26.6,14.8,170.3
30-03-2023,0,24.70967,35.10872,71.5,29.9,14.8,167.7
31-03-2023,0,24.94987,34.97546,73.1,29.5,15.1,163.1
01-04-2023,0,24.68261,34.86208,72,30.6,18.4,150
02-04-2023,0,24.83519,34.76479,77.9,64.8,46.4,134.9
03-04-2023,5.907706261,25.13942,35.49549,75.7,32.8,14.4,157.7
04-04-2023,0,25.55849,35.42974,71.7,31.7,15.1,187.3
05-04-2023,0,25.01432,36.16195,71.4,28.1,12.2,171.2
06-04-2023,0,25.35421,35.55128,71.4,28.1,11.5,172.2
07-04-2023,0,24.76717,35.19286,68.4,22.3,14.8,133.2
08-04-2023,0,24.53584,35.07629,67.2,28.1,11.2,106
09-04-2023,0,24.33647,35.80985,62.2,25.2,11.2,130.7
10-04-2023,0,23.7773,36.5169,61,32.8,9.5,198.7
11-04-2023,0,23.11406,37.43008,54.3,28.4,19.1,195.4
12-04-2023,0,23.79497,38.56402,48,36,23,185.8
13-04-2023,0,25.60911,38.80696,52.4,32.4,13.7,183.9
14-04-2023,0,25.02633,38.21437,53.1,35.3,12.6,209.9
15-04-2023,0,25.03552,38.13581,48,31.7,13,290.6
16-04-2023,0,25.7698,38.80497,47.2,29.9,22.7,214
17-04-2023,0,25.36902,39.15961,51.3,32.4,22.7,182.1
18-04-2023,0,24.37866,38.57904,57.2,30.2,11.2,192.7
19-04-2023,0,24.78521,38.64401,57,34.6,20.2,197.5
20-04-2023,0,25.67169,38.0214,67.3,33.1,10.8,197.3
21-04-2023,0,26.04794,36.68074,65.5,30.2,18.4,138.5
22-04-2023,0,24.75864,36.00788,71.1,42.5,40.7,120
23-04-2023,0,25.10929,35.50501,74.9,55.4,35.6,107.4
24-04-2023,0.016618043,23.86554,35.04279,74.7,38.5,19,101.8
25-04-2023,0.796511829,26.40806,35.3863,72.5,31,14.8,133.4
26-04-2023,0.317931682,23.41326,33.89889,65.2,26.3,21.2,137.8
27-04-2023,0,24.50382,34.83039,67.9,27.7,18.4,114.8
28-04-2023,0,25.63671,34.9371,62.4,28.1,17.3,151.3
29-04-2023,0,24.94825,33.82885,73.4,64.8,38,105.5
30-04-2023,52.9225502,24.98389,34.24689,76.2,32.4,14.8,139.3
01-05-2023,30.3116436,22.11902,29.97308,86.2,40.7,22.3,76.6
02-05-2023,0.116326295,23.19276,32.19975,84.5,31,18.4,84.1
03-05-2023,23.11083412,24.54669,32.33976,79.1,26.3,17.3,105.1
04-05-2023,6.174901962,24.7299,33.77626,76.3,29.9,18.4,100.2
05-05-2023,0.376954556,26.07359,33.56792,79,22.7,14.4,147
06-05-2023,2.370259762,25.59092,34.55829,73.9,23.8,13.8,154.9
07-05-2023,0.468415678,25.81951,35.62249,69.5,30.2,20.9,164.9
08-05-2023,0,26.37219,36.59459,66.8,23.4,11.2,184.9
09-05-2023,0,26.62864,36.61656,66.4,38.2,24.1,140.6
10-05-2023,0,27.05226,37.11639,61.3,30.2,20.5,133.3
11-05-2023,0,27.10658,37.23314,68.8,34.2,18.4,89.5
12-05-2023,1.081009507,26.38735,38.91664,56.8,30.6,19.4,356.7
13-05-2023,0,26.80079,38.68789,60.6,27.4,18.4,128.4
14-05-2023,0,27.48565,40.11242,41.8,30.6,22.3,281.1
15-05-2023,0,28.40654,40.99479,34,48.6,28.1,302.5
16-05-2023,0,28.14801,41.69618,38.6,45.4,22.3,308.5
17-05-2023,0,28.02159,40.52379,58.6,35.6,29.9,101.6
18-05-2023,0,28.49158,39.78708,73.5,29.2,18.4,143.5
19-05-2023,0,28.11892,39.80924,70.5,46.8,13,158.8
20-05-2023,0,28.31939,39.7201,69.1,58.7,21.2,135.9
21-05-2023,4.622962952,25.87069,39.12421,62.7,48.2,14,130.5
22-05-2023,0,26.89795,38.61124,70.8,25.6,15.1,181.5
23-05-2023,0.308859885,27.06822,38.85264,59.5,37.1,18.4,172.1
24-05-2023,0,28.1114,40.50893,67.7,31.3,20.2,204
25-05-2023,0,29.27833,40.00283,61.5,45.7,15.1,245.9
26-05-2023,0.166871652,29.04563,39.26094,64.1,29.5,13,154.3
27-05-2023,0,27.99454,41.14413,56.1,22.7,14.8,317.8
28-05-2023,0,28.40373,40.71574,54.8,55.4,37.1,110
29-05-2023,0,27.6792,39.77537,64.6,32.8,18.4,110.2
30-05-2023,0,26.7856,35.22395,73.5,53.6,23.8,209.9
31-05-2023,24.2441082,25.33594,39.50141,60.4,18.4,11.2,256
01-06-2023,0,27.00986,40.68172,65,33.8,18,220.3
02-06-2023,0,27.95683,42.11072,60.4,29.2,11.2,214.8
03-06-2023,0,28.54872,42.12956,52,28.8,13.3,193.3
04-06-2023,0,29.42188,39.50912,54.5,37.1,18.4,268.7
05-06-2023,0,27.31153,39.97251,53.5,24.5,22.3,303.5
06-06-2023,0,28.78014,41.51294,49.2,29.5,15.4,271.8
07-06-2023,0,29.37939,41.53133,50.7,39.6,18.4,222.7
08-06-2023,0.881410599,29.25844,41.56181,46,40.3,18.4,285.1
09-06-2023,0,29.65939,42.02385,42.9,48.6,18.4,294.3
10-06-2023,0,28.89794,41.02553,47.8,42.5,22.3,282.8
11-06-2023,1.670268774,28.56198,41.03295,47.9,52.2,28.1,293.8
12-06-2023,0,29.1111,41.34888,49.3,37.8,20.5,265.5
13-06-2023,0,29.20854,41.76478,45.5,38.9,22.3,304.2
14-06-2023,0,29.47674,41.10947,43.8,44.3,24.1,287
15-06-2023,0,29.51804,41.40427,42.4,38.9,22.3,286.2
16-06-2023,0,29.61126,42.07773,39.5,47.2,22.3,289.7
17-06-2023,0,30.23453,40.64794,40.2,42.5,29.5,288.9
18-06-2023,0,29.19803,40.53652,48.2,32.8,18.4,303.4
19-06-2023,0,28.98837,39.09816,53.7,39.6,14.8,134.4
20-06-2023,0,28.42794,39.53156,66.5,46.4,20.5,208.4
21-06-2023,13.10363579,27.85327,38.69838,68.5,46.8,22.3,262.4
22-06-2023,5.831119061,26.0948,36.59829,74.6,54.7,28.4,266
23-06-2023,2.373584747,26.25988,33.61925,79.8,55.4,37.1,283.1
24-06-2023,4.237353325,24.94581,32.37165,84.1,29.2,7.6,222.5
25-06-2023,27.81715775,24.54198,34.31154,81.8,35.6,17.3,207.1
26-06-2023,0.591073275,26.05791,33.98195,71.3,50.4,25.9,269
27-06-2023,0,26.282,35.69217,61.1,31,22.3,262.3
28-06-2023,0,26.77611,36.97206,61.8,30.2,18.7,276.5
29-06-2023,0.132211596,26.19021,36.90987,61.6,37.8,19.8,232.3
30-06-2023,0,26.56932,37.43998,57.7,39.2,22.3,265
01-07-2023,0,27.71797,38.64692,50.5,46.4,27.7,282.2
02-07-2023,0,27.38252,37.54135,54.1,46.4,27.7,280.5
03-07-2023,0.369420797,26.32578,37.21529,65.5,37.1,18.8,273
04-07-2023,20.21389008,25.2177,33.87724,86,38.9,18.4,214.5
05-07-2023,13.88608551,25.43752,33.20636,81.5,45,14.8,222.5
06-07-2023,7.226486206,25.39943,32.08573,86.1,35.3,18.4,242.4
07-07-2023,8.935923576,25.44878,33.8621,72.2,43.2,18.4,239.1
08-07-2023,0.247447237,25.5216,34.04525,72,31.3,18.4,226.6
09-07-2023,0.393146575,26.48281,36.34687,63.4,34.2,18.4,275.2
10-07-2023,41.26355362,25.76451,34.04825,78.8,34.9,18.4,262.1
11-07-2023,0.517189086,26.15508,32.93462,72.3,37.1,18.4,315.1
12-07-2023,0,25.18343,31.17916,82.5,31.3,11.2,274.5
13-07-2023,2.557441473,24.52188,31.90973,86.3,20.5,9.4,170.3
14-07-2023,1.548967719,25.4285,35.86694,72,27,13,222
15-07-2023,0.469099701,26.45039,33.74232,70.2,34.6,20.2,268.4
16-07-2023,0.369420797,25.32649,32.48237,75.6,40,18.4,281.3
17-07-2023,6.705884933,25.82619,31.97804,74.8,41.4,22.3,272.4
18-07-2023,0.073884159,25.29852,29.17425,81.8,56.5,27.7,268
19-07-2023,2.477017879,24.20489,28.2584,85.8,54.7,25.2,257.8
20-07-2023,0.541587889,25.0162,28.7725,82.9,55.1,23.4,259.2
21-07-2023,2.821378231,24.08208,30.03674,82.7,53.6,24.5,271.6
22-07-2023,3.274954796,24.92501,31.09541,82.3,46.8,22.3,270.7
23-07-2023,4.142371655,24.7413,30.68684,85.5,43.9,11.5,235.4
24-07-2023,33.27810669,24.67144,28.7798,91.7,55.8,24.5,254.1
25-07-2023,36.25688171,23.9404,28.15699,92.9,60.1,27,269.8
26-07-2023,60.44503784,23.98603,26.87168,94.5,60.5,30.2,263.8
27-07-2023,43.32667542,24.20654,29.39502,80.2,62.6,32,258.8
28-07-2023,0,24.6615,31.75424,76,51.1,29.5,267.1
29-07-2023,0,25.9956,32.6834,76.4,52.2,27.7,281.1
30-07-2023,1.122519255,26.27093,32.88523,72.9,49,22.3,286
31-07-2023,0.03694208,26.12696,32.95753,74.2,46.1,22.3,284.6
01-08-2023,1.259367108,25.9794,33.31723,72.1,50.4,27.7,275.5
02-08-2023,0,26.84023,32.91035,66.4,49.7,27.7,269.1
03-08-2023,0,26.68259,33.76444,64.4,55.4,37.1,266.1
04-08-2023,0,26.12528,36.07412,65.6,37.4,22.3,262.9
05-08-2023,0,26.38956,35.91224,68.4,47.5,22.3,272.1
06-08-2023,0.927927077,26.6676,36.08717,65.6,40.7,22.3,280.5
07-08-2023,0,26.85446,34.69624,61.1,46.4,22.3,278
08-08-2023,0,26.57188,34.58432,62.2,39.6,18.4,283.7
09-08-2023,0.147768319,26.60987,35.1994,66.6,25.6,18.4,295.5
10-08-2023,0,26.11287,34.90018,72.7,20.9,18.4,295.6
11-08-2023,0.443304986,26.71852,35.09109,72.1,18.7,18.4,272.5
12-08-2023,0.409834474,26.02051,33.96415,77.3,40.7,22.3,271.6
13-08-2023,0.624940991,25.78571,34.87036,72.2,22.7,18.4,292.2
14-08-2023,0.443304986,26.23468,34.45328,70.7,37.1,18.4,313.6
15-08-2023,0,26.19427,34.88721,72,37.1,18.4,258
16-08-2023,1.841388106,26.34422,35.38721,70.6,21.2,18.4,273.5
17-08-2023,0,26.83006,33.75803,82.1,33.5,18.4,248.6
18-08-2023,10.29103661,26.20234,31.75733,81.8,38.9,14.8,288.8
19-08-2023,1.16276145,25.22567,30.34515,77.8,49,24.5,282.3
20-08-2023,0.162025228,25.30934,34.39795,72,41,15.8,250.8
21-08-2023,0,26.0692,34.38469,77,24.1,16.6,270.4
22-08-2023,0,26.42524,34.74834,84.1,46.4,27.7,235.7
23-08-2023,9.924341202,26.45679,34.75764,80.3,55.4,37.1,226.8
24-08-2023,10.53522015,25.55596,35.06534,79.7,18.7,18.4,266.1
25-08-2023,10.17159462,26.57465,36.14279,77.3,37.1,18.4,254.5
26-08-2023,3.85788846,25.58886,33.05023,84.1,39.2,14.8,273
27-08-2023,0.175442293,25.70577,34.80584,78.5,25.6,14.8,290.5
28-08-2023,1.195914149,25.65913,34.83799,71.2,28.8,22.3,292.5
29-08-2023,0,25.83985,34.61499,69,21.2,18.4,314
30-08-2023,0,26.01885,35.38696,67,28.1,14.8,310.6
31-08-2023,0,25.84767,36.20909,67.4,29.2,14.8,308
01-09-2023,0,26.5201,36.56779,72.6,16.6,11.2,210.8
02-09-2023,0.110826246,27.12169,35.82747,76.7,22,9.4,343.4
03-09-2023,47.58065033,24.12965,32.14912,82.4,29.5,18.4,279.7
04-09-2023,0,25.05388,29.91831,79.2,32.4,22.3,286
05-09-2023,3.436718464,24.41705,28.02971,83.1,47.2,19.8,271.6
06-09-2023,17.46543694,24.40702,30.73729,89.9,46.4,27.7,269.5
07-09-2023,23.71533394,25.2471,32.42392,84.3,29.2,11.2,227.2
08-09-2023,1.667350769,25.64974,32.44654,80.2,31.3,18.4,251.5
09-09-2023,0,26.23683,33.73547,77.3,24.5,18.4,245.6
10-09-2023,1.704684138,25.81177,31.96793,82.4,49.7,18.4,277.8
11-09-2023,90.62760925,24.61704,30.8284,89.5,51.8,22.3,266.5
12-09-2023,0.893493652,25.79203,31.67315,81.9,41.4,18.4,278.4
13-09-2023,0.302420437,25.91551,32.5484,79.9,38.2,22.3,295.5
14-09-2023,0.610885382,25.50638,31.58235,81.6,35.6,13,290.8
15-09-2023,0.073884159,25.48277,33.5887,76.7,28.4,18.4,260.3
16-09-2023,0.262912691,25.49073,34.67837,74.1,34.2,18.4,271.5
17-09-2023,0,25.41446,34.75065,75.4,30.6,18.4,281.8
18-09-2023,0,26.2392,34.80638,77.5,28.4,18.4,283.2
19-09-2023,0.443304986,26.47772,34.41022,76.6,37.1,18.4,286.9
20-09-2023,0,26.69881,34.33533,78.7,37.1,18.4,265.9
21-09-2023,38.6003685,25.19981,31.92518,85.3,15.5,11.2,263.2
22-09-2023,0,24.65853,30.30442,87.5,16.6,14.8,226.9
23-09-2023,0,24.77731,33.30686,87.5,26.3,18.4,195.2
24-09-2023,22.46904564,25.55897,32.58665,83.4,22.7,11.2,212
25-09-2023,0,25.74897,32.84907,84.5,16.9,9.4,269.6
26-09-2023,0,25.40286,33.07122,85.1,8.6,14.8,174.8
27-09-2023,1.178859353,25.59324,34.65869,81.1,5.4,11.2,216.6
28-09-2023,0,25.45108,34.39819,81.7,7.6,14.8,233.7
29-09-2023,22.088871,25.2697,34.16693,84.2,10.8,14.8,208.9
30-09-2023,10.39297295,24.75136,33.79111,78.3,36,18.4,260.6
01-10-2023,6.309125423,25.42001,33.60236,83.8,27,22.3,234.8
02-10-2023,0,25.73006,32.175,83,27.7,11.2,215.6
03-10-2023,0,25.71997,33.35991,79.6,27.7,18.4,261.3
04-10-2023,5.098228455,25.37453,34.51932,71.6,26.6,14.8,294.5
05-10-2023,0,24.91636,34.96279,67,21.6,14.8,309.5
06-10-2023,0,23.87063,35.16044,66.8,24.1,13,308.6
07-10-2023,0,24.09657,35.39688,72.5,15.1,11.2,251.7
08-10-2023,0,25.22194,34.82069,77.7,7.6,14.8,174.5
09-10-2023,0,25.09886,34.95662,80.5,10.1,11.2,173.7
10-10-2023,0,25.55648,35.14822,79.5,9.4,14.8,172.5
11-10-2023,0.997436106,25.64077,34.87563,83.2,10.4,9.4,139.3
12-10-2023,0,25.34239,35.18825,80.9,10.8,11.2,132.1
13-10-2023,0,24.82986,34.693,80.5,11.5,11.2,118
14-10-2023,0,25.24602,34.48438,77.8,11.5,11.2,110.3
15-10-2023,0,25.28837,34.91174,77.7,7.9,11.2,118.9
16-10-2023,0,25.08389,34.54238,78,15.5,9.4,116.5
17-10-2023,0,24.63905,34.51862,76.9,6.8,11.2,132.4
18-10-2023,0,23.76661,34.74233,76,9.4,11.2,115.9
19-10-2023,0,24.01844,34.73213,78.2,17.6,11.2,110.3
20-10-2023,0.147768319,24.70288,34.21811,74.6,17.3,16.6,73.8
21-10-2023,0,24.52887,34.22963,72.8,22,18.4,78.3
22-10-2023,0,24.23416,34.49759,64.6,27.4,18.4,340
23-10-2023,0,22.17769,34.30531,59.8,24.5,14.8,329.6
24-10-2023,0,21.4683,34.75687,66.7,17.6,11.2,58
25-10-2023,0,22.23033,34.78753,61.2,9.4,9.4,326.9
26-10-2023,0,21.73508,34.63277,68.3,10.1,13,81.7
27-10-2023,0,21.9133,34.0557,75.7,16.9,14.8,80.1
28-10-2023,0,23.59395,33.53513,81.1,16.2,18.4,96.7
29-10-2023,0,24.48923,33.34145,80.9,22.7,14.8,100
30-10-2023,0,24.26982,32.17897,78.6,25.6,16.6,81
31-10-2023,0,23.70051,32.92488,72.3,28.4,18.4,74.2
01-11-2023,0,24.00276,33.03521,73,37.1,18.4,65.7
02-11-2023,0,24.34975,32.92947,79.4,29.2,18.4,79.2
03-11-2023,0,24.99563,33.1483,79,28.1,18.4,85
04-11-2023,0.78104794,24.83603,32.36818,80.4,29.5,11.9,75.2
05-11-2023,0.070049562,24.21905,32.01227,80.5,25.9,18.4,80.8
06-11-2023,4.723082542,24.61078,30.7767,84.9,29.2,14.8,82
07-11-2023,0.274197698,24.31785,32.04386,81.6,20.9,18.4,84.3
08-11-2023,0,24.14311,31.90411,84.7,24.5,14.8,74.6
09-11-2023,19.68051147,23.89905,32.30519,79,23.8,14.8,88.4
10-11-2023,0,23.64327,32.85907,73,15.5,14.8,85
11-11-2023,0,21.74888,32.71782,72.7,14.8,14.8,87.8
12-11-2023,0,21.85864,32.78175,72.2,24.5,14.8,97.9
13-11-2023,0,22.20852,32.1229,72,26.3,18.4,74.4
14-11-2023,0,23.00064,31.08543,70.7,30.6,18.4,69.8
15-11-2023,0,22.91769,30.88635,68.3,22.3,18.4,17.8
16-11-2023,0,21.73502,32.80281,67,14.8,11.2,347.1
17-11-2023,0,21.94043,32.99928,76.7,25.6,12.1,98.9
18-11-2023,0,23.04078,32.9725,77.9,31,14.8,93.4
19-11-2023,0,23.20356,32.83132,75.9,27.4,16.6,82.8
20-11-2023,0,22.58793,31.92456,71.1,36.4,22.3,64.7
21-11-2023,0,22.93491,29.45022,78.6,46.8,20.9,68.2
22-11-2023,0,23.10782,31.64944,86.3,22.7,11.2,49.4
23-11-2023,1.898721576,23.76821,28.45011,87.9,30.2,18.4,79.8
24-11-2023,2.412407637,23.62652,29.81879,76.8,34.2,18.4,76.5
25-11-2023,0,22.99681,30.7656,76.3,29.2,16.6,80.3
26-11-2023,0,23.49868,30.93426,78.7,32,22.3,88.4
27-11-2023,0,22.62266,31.15393,78.7,30.6,18.4,80.2
28-11-2023,0,22.58932,31.80021,79.9,27.4,18.4,83.3
29-11-2023,0,22.67278,31.97034,76.5,33.8,20.5,70.2
30-11-2023,0,22.89757,32.06312,74.4,31.3,16.6,79.9
01-12-2023,0,21.63226,32.57886,73.2,33.8,20.5,68.9
02-12-2023,0,21.58639,31.67381,65.4,47.9,25.9,61.3
03-12-2023,0,22.3328,30.63147,60.8,55.4,27.7,45.4
04-12-2023,0.338361383,22.79092,27.03222,84.6,63.4,27.7,49.8
05-12-2023,68.32981873,22.39648,25.91833,96,68.8,30.2,80
06-12-2023,83.29824066,21.85469,27.69664,89.9,55.4,36,206.2
07-12-2023,0.033236086,21.56424,28.42436,82.4,21.2,11.2,340.1
08-12-2023,0,19.91047,30.56495,77.3,23.4,11.2,346.7
09-12-2023,0,21.14013,31.21485,70.6,16.6,18.4,20.1
10-12-2023,0,20.32987,30.61509,73.5,18.4,11.2,40.1
11-12-2023,0,19.20047,30.73972,68.8,8.6,11.2,60.4
12-12-2023,0,19.56518,30.63032,75,15.8,14.8,63.5
13-12-2023,0,19.37247,29.9947,71.7,13.7,13,64.6
14-12-2023,0,18.75286,29.90256,73.8,19.1,14.8,72.6
15-12-2023,0,19.08509,28.14471,72.8,28.1,16.6,55.7
16-12-2023,0,20.41396,29.43597,75,21.2,14.8,61.1
17-12-2023,0,20.66237,29.29855,78.7,23,14.8,72.9
18-12-2023,0,20.50318,29.06532,74.5,24.1,14.8,61.7
19-12-2023,0,19.93479,29.02118,74,17.3,14.8,57.3
20-12-2023,0,18.98171,29.07339,73.5,19.1,14.8,59.8
21-12-2023,0,18.2521,29.4072,74.2,13,13,66.3
22-12-2023,0,17.27307,29.9155,76,8.6,9.4,61
23-12-2023,0,18.069,29.40164,77.1,15.5,11.2,66.9
24-12-2023,0,18.24886,29.75419,77.8,18.4,14.8,62.3
25-12-2023,0,18.73571,30.1392,76,16.9,10.8,59.8
26-12-2023,0,18.95,30.7234,77.3,13.3,10.1,66.9
27-12-2023,0,19.75679,30.47893,80.9,18.7,13,66.2
28-12-2023,0,19.30704,30.18825,76.3,24.8,16.6,68.1
29-12-2023,0,18.93505,29.91424,77.5,20.5,13,72.1
30-12-2023,0,18.83854,30.51235,78.4,23.4,11.2,62.6
31-12-2023,0,18.78637,29.7262,77.5,25.6,11.2,94.4
